subject_id,FF_alpha_entropy_gap,FF_alpha_entropy_imagined,FF_alpha_entropy_real,FF_alpha_lzc_gap,FF_alpha_lzc_imagined,FF_alpha_lzc_real,FF_beta_entropy_gap,FF_beta_entropy_imagined,FF_beta_entropy_real,FF_beta_lzc_gap,FF_beta_lzc_imagined,FF_beta_lzc_real,LRF_alpha_entropy_gap,LRF_alpha_entropy_imagined,LRF_alpha_entropy_real,LRF_alpha_lzc_gap,LRF_alpha_lzc_imagined,LRF_alpha_lzc_real,LRF_beta_entropy_gap,LRF_beta_entropy_imagined,LRF_beta_entropy_real,LRF_beta_lzc_gap,LRF_beta_lzc_imagined,LRF_beta_lzc_real
S001,-0.0016056420197994002,-0.020386816392744467,-0.021992458412543835,0.0026760045588593673,-0.057290120619391864,-0.05461411606053243,0.0013171156614637666,-0.02311399923495573,-0.021796883573491965,0.0083625142464356,-0.05241339663618343,-0.0440508823897478,0.001778352276697236,-0.027589970277402166,-0.025811618000704934,-0.0018063030772300665,-0.059899225064279804,-0.06170552814150987,0.0028018639279176667,-0.020588366057731233,-0.01778650212981357,-0.0082287140184926,-0.040638976577202064,-0.0488676905956947
S002,0.011152109347103832,-0.0312969171875875,-0.0201448078404836,0.0026091044448878996,-0.05846163140315567,-0.05585252695826776,0.004440764537297167,-0.0175331478893991,-0.0130923833521019,-0.0027429046728308665,-0.047272765550750134,-0.050015670223581034,-0.004577573045499433,-0.02886331460390967,-0.03344088764940913,0.0062886107133195345,-0.058528531517127204,-0.05223992080380757,-0.0015917828980137997,-0.015557616222957165,-0.017149399120971034,-0.0008697014816293334,-0.045399562359548534,-0.046269263841177875
S003,-0.006572764706203966,-0.019658490435916266,-0.02623125514212027,-0.004683007978003933,-0.0540091810630439,-0.058692189041047865,0.007966628408512966,-0.0186170048875343,-0.010650376479021268,-0.00046830079780043357,-0.06446629602672789,-0.06493459682452828,0.0019455604814446997,-0.024546631769791504,-0.022601071288346833,0.0014049023934011664,-0.0607660925741639,-0.05936119018076266,-0.0013336883305682997,-0.015067034028739467,-0.016400722359307802,-0.0024753042169449666,-0.06868100320693143,-0.0711563074238764
S004,0.003544349526765867,-0.010201915461346167,-0.0066575659345803,-0.0163236278090423,-0.031006018361918002,-0.04732964617096033,-0.004851443285906234,-0.0034893486139246665,-0.0083407918998309,-0.0052182088897758,-0.0473368316929764,-0.05255504058275223,-0.0084390479969598,-0.0094173741565929,-0.017856422153552733,0.0008697014816293006,-0.043449439560614235,-0.042579738078984936,-0.003001190248978327,-0.0085708923144269,-0.011572082563405235,-0.00046830079780036646,-0.05295644126658117,-0.053424742064381574
S005,-0.0066991474034406,-0.02065768861384903,-0.027356836017289665,0.012108920628838768,-0.06696513139955033,-0.054856210770711566,0.0088845234945798,0.007859470911392266,0.016743994405972167,-0.0023415039890019337,-0.0556823421089408,-0.058023846097942776,-0.007885652834650666,-0.014071167288921634,-0.021956820123572234,-0.0217425370407326,-0.049771802108878695,-0.07151433914961133,0.006508282224175567,0.003072595053797767,0.009580877277973366,-0.004348507408146434,-0.053608438575824764,-0.057956945983971296
S006,0.002124481867340267,-0.013407707709852732,-0.011283225842512465,-0.0031443053566598002,-0.06707691805014143,-0.07022122340680124,0.005557301564647299,-0.0005722641622337331,0.0049850374024136,-0.0040809069522606,-0.04957307635679353,-0.05365398330905421,-0.0011274820027317,-0.0084147382272311,-0.0095422202299629,-0.013513823022239968,-0.053563095027901464,-0.06707691805014143,0.007393626121429801,0.0011802541335365665,0.0085738802549664,-0.0009366015956008,-0.05646378809585653,-0.0574003896914573
S007,0.002433680941153067,-0.009642806301155401,-0.007209125360002267,0.0007359012536862995,-0.04625575217906156,-0.045519850925375305,-0.005643547750484367,-0.029346984376083667,-0.03499053212656803,0.0017394029632586334,-0.07300618064450656,-0.07126677768124796,-0.0050400605085678665,-0.014938046958916667,-0.0199781074674845,0.0030105051287168012,-0.04632265229303306,-0.04331214716431627,-0.004297217941928533,-0.028240497206679666,-0.03253771514860823,0.0026091044448878667,-0.07802368919236793,-0.07541458474748003
S008,-0.015549934716694766,-0.008534620870728002,-0.024084555587422733,-0.0012711021654582286,-0.07263397906004557,-0.07390508122550381,0.0064776950032797665,-0.0071567635102554004,-0.0006790685069756334,-0.0070245119670059005,-0.059411744660872734,-0.06643625662787866,-0.0086849096104684,-0.0036944994663807664,-0.012379409076849167,0.0036126061544602007,-0.08547880094257072,-0.08186619478811051,2.7394737745999882e-05,-0.009133437097341266,-0.009106042359595334,-0.0008697014816293666,-0.0612849478520743,-0.0621546493337036
S009,-0.005729089636912667,-0.0378011054294207,-0.0435301950663334,-0.005285109003747301,-0.0388156696695007,-0.04410077867324804,-0.002374323728053433,-0.015450716348126134,-0.017825040076179566,0.0065562111692055005,-0.0638193084643649,-0.05726309729515936,-0.0053640625651984325,-0.04675394156801913,-0.05211800413321754,-0.012978622110468033,-0.04537188083870627,-0.05835050294917437,0.0002982688263883336,-0.018351089437969436,-0.018052820611581134,0.0028767049007738664,-0.060407402651819174,-0.0575306977510453
S010,-0.0009405104177125671,-0.025310356724396004,-0.0262508671421086,0.013982123820040333,-0.06681630193096551,-0.052834178110925105,0.0013232432130995,-0.015848970428362533,-0.014525727215262999,0.002943605014745333,-0.04600515555364687,-0.04306155053890154,0.0022453611471624003,-0.027550329254405603,-0.025304968107243198,-0.003746406382403133,-0.05336937902269697,-0.05711578540510013,0.0037384829654935666,-0.014429078984106199,-0.010690596018612534,-0.0009366015956008,-0.0419242486013863,-0.0428608501969871
S011,0.0012426555665379334,-0.004850151603468067,-0.0036074960369300996,-0.0077604132206922334,-0.04908974631835123,-0.056850159539043495,0.002660757701752333,0.0006233206930651667,0.0032840783948175334,0.0017394029632585998,-0.063880540634846,-0.062141137671587375,-0.008342135108176366,0.003936124419087766,-0.004406010689088567,0.005285109003747333,-0.057786761134644295,-0.052501652130897,0.0041619546283318,0.0032843177158127005,0.0074462723441445005,0.012911721996496567,-0.06274323869733077,-0.04983151670083413
S012,0.00018439293638376677,-0.0213866172925772,-0.0212022243561934,0.0025422043309164337,-0.060401734708328735,-0.057859530377412295,0.0038149639143786,0.0025155456797469333,0.006330509594125532,0.0118413201729528,-0.0564345889964886,-0.04459326882353573,-0.0008490724012412665,-0.017863379780530732,-0.018712452181772032,0.003478805926517233,-0.0614721365318725,-0.057993330605355296,0.0025429247120972334,-0.0017908697947758335,0.0007520549173213913,0.0023415039890019667,-0.05201918147437057,-0.049677677485368575
S013,-0.013159637405330068,-0.021510657603770935,-0.034670295009101036,-0.0008697014816292999,-0.060498492118277965,-0.06136819359990727,-0.0027111494383968335,-0.018239322298836534,-0.0209504717372334,0.0012042020514867336,-0.0402410680617281,-0.0390368660102414,-0.007827328630098133,-0.022663800534758968,-0.030491129164857134,-0.0078273133346637,-0.046850868868095,-0.05467818220275877,-0.004469019105342733,-0.018641443650516235,-0.023110462755858967,0.0004014006838288977,-0.04057556863158557,-0.040174167947756634
S014,-0.004332041545951567,-0.0157768202447189,-0.020108861790670434,0.004683007978003966,-0.053774060207793996,-0.04909105222979004,0.0053694732161988995,-0.0059381977174203,-0.0005687245012213667,-0.008964615272178933,-0.044128136336675804,-0.05309275160885483,-0.0164400251656619,-0.011304772212307168,-0.027744797377969168,0.0006690011397148336,-0.051164955762906104,-0.050495954623191196,-0.0052395109098331664,-0.0029099836869831996,-0.0081494945968164,0.005017508547861367,-0.04720554157936413,-0.04218803303150279
S015,0.0003591327579750998,-0.039515867807207804,-0.039156735049232665,-0.011975120400895767,-0.04769703919384677,-0.0596721595947426,-0.0025977040964037,-0.0069730758777795665,-0.009570779974183267,0.009031515386150433,-0.0677060424001173,-0.05867452701396683,0.0039340789715653,-0.039935678772964465,-0.0360015998013992,0.005218208889775801,-0.0575313559476551,-0.052313147057879233,-0.006491241394822334,-0.010876349860076134,-0.017367591254898434,0.0030774052426882996,-0.0665018403486306,-0.06342443510594227
S016,-0.005716665545994301,0.04674488210499957,0.04102821655900524,-0.0019401033051730332,-0.0408096184378327,-0.042749721743005765,-0.0036543615589437997,0.031706782590057735,0.028052421031113866,0.0038802066103460994,-0.06430481427794264,-0.06042460766759653,-0.005465115897287567,0.0398444976439564,0.03437938174666876,0.001404902393401166,-0.0402744175260608,-0.0388695151326596,8.172707476313337e-05,0.030579146236750166,0.030660873311513265,-0.0014718025073726332,-0.067114619064745,-0.0685864215721177
S017,0.005870187687252966,-0.013371131909255833,-0.0075009442220028665,-0.0070245119670059334,-0.0812052385523276,-0.08822975051933353,-0.004669496258967101,-0.0083756411947149,-0.013045137453682,-0.001538702621344133,-0.07207524699239616,-0.07361394961374033,0.004630028927600033,-0.014734291879919868,-0.010104262952319766,-0.0020070034191445,-0.08521924539061672,-0.08722624880976126,-0.0026835737091674334,-0.0080349097760273,-0.010718483485194767,-0.005352009117718733,-0.06826194049602154,-0.07361394961374033
S018,0.002630477624046033,-0.05881841989893174,-0.056187942274885695,-0.014450424617840721,-0.037518202376419764,-0.05196862699426053,-0.0031937876142094333,-0.04362384484375703,-0.04681763245796653,0.0025422043309163665,-0.0589996662866728,-0.05645746195575633,0.003718443760320267,-0.061538856874721104,-0.057820413114400865,-0.022812938864276332,-0.03745130226244833,-0.06026424112672466,0.0014036908202630335,-0.050502514524690366,-0.0490988237044273,-0.004549207750060967,-0.06134117027567476,-0.06589037802573573
S019,-0.0013564014071942333,-0.0096889238844902,-0.011045325291684433,0.0010035017095722666,-0.06316533656529195,-0.062161834855719696,-0.0011204818663467998,-0.012122801926625501,-0.013243283792972299,0.012577221426639168,-0.0625026615656773,-0.04992544013903814,0.002648733262051533,-0.008601558401164966,-0.005952825139113366,-0.009700516525865267,-0.055471823458571164,-0.0651723399844365,-0.0006058934027877999,-0.01645284236981157,-0.0170587357725993,0.0018063030772300667,-0.05842175461341673,-0.0566154515361866
S020,-0.0061825875378308665,-0.059863126088228164,-0.06604571362605906,0.0028767049007738673,-0.07725727244609407,-0.07438056754532023,0.0018871686883704666,-0.056173646241235935,-0.05428647755286547,-0.0020070034191446,-0.0621653270240747,-0.06417233044321927,-0.006216563857289367,-0.06268807457794116,-0.06890463843523054,0.008094913790549668,-0.08475008521090044,-0.07665517142035073,-0.0001333681795787333,-0.058340839433530266,-0.058474207613108974,0.005418909231690299,-0.058485820755642993,-0.0530669115239527
S021,-0.0060569569527716,-0.0025807499783130996,-0.008637706931084666,-0.002408404102973467,-0.04146880126909233,-0.043877205372065874,0.0005081887035756332,-0.015872804279259998,-0.015364615575684401,0.0027429046728309,-0.0603703598338254,-0.057627455160994524,0.0021290631153028667,-0.009424297030643366,-0.0072952339153406,0.0006690011397148665,-0.045884208791210405,-0.045215207651495504,0.0001520916710936334,-0.018455570191784735,-0.018303478520691033,0.006823811625091433,-0.0539479488925628,-0.04712413726747133
S022,-0.005219737756652933,-0.03846541186571627,-0.0436851496223692,0.0012711021654582667,-0.08210828949828956,-0.08083718733283136,0.005304179023272433,-0.014620307926360232,-0.009316128903087766,0.0036126061544602002,-0.06555521925926854,-0.061942613104808336,-0.004632913024619167,-0.03774692503007703,-0.04237983805469627,-0.004816808205946834,-0.07347817479596801,-0.07829498300191494,0.0026770864188721,-0.014004308156759633,-0.0113272217378875,0.0028767049007738335,-0.06863262450195683,-0.06575591960118297
S023,0.0012940320141774,-0.0192708572565693,-0.0179768252423919,-0.015587726555356,-0.036926779041047436,-0.052514505596403464,-0.0001706930742921001,-0.01737524666103017,-0.0175459397353223,0.013045522224439601,-0.07978945728324927,-0.0667439350588097,-0.000584582954245101,-0.013104925890375633,-0.013689508844620701,-0.008161813904521134,-0.049236400011800706,-0.05739821391632186,0.00012871070230810496,-0.017455361014510635,-0.0173266503122025,0.011373019375152433,-0.07711345272438987,-0.0657404333492374
S024,0.006061978244168799,-0.03755822173459697,-0.03149624349042817,-0.0036126061544602002,-0.03960278359990687,-0.04321538975436706,-0.0052392174656351,0.011929925864513332,0.006690708398878133,0.0038133064963746664,-0.0671680075166002,-0.06335470102022557,-6.875965028166689e-05,-0.03834783433511147,-0.0384165939853931,-0.0006021010257434002,-0.04468719226173973,-0.045289293287483066,-0.013710883514546501,0.011959658317762167,-0.0017512251967843333,-0.007626612992749265,-0.0578688916745638,-0.06549550466731309
S025,-0.016026723467102367,-0.04633635268155906,-0.062363076148661496,0.0018063030772301001,-0.0425341933457555,-0.040727890268525434,-0.004351601174646533,-0.05183730702738687,-0.0561889082020334,-0.0055527094596332,-0.061664993155161135,-0.06721770261479437,-0.011684044677514034,-0.06814249788019038,-0.07982654255770447,0.006823811625091433,-0.03644628297435037,-0.029622471349258866,-0.008091942498500067,-0.051761084970323695,-0.05985302746882384,0.014383524503869234,-0.07002750740159673,-0.05564398289772746
S026,-0.006784130990184632,-0.058167363783584634,-0.06495149477376931,-0.0015387026213441665,-0.0581072930310818,-0.059645995652425975,-0.005708942906718866,-0.03946635238141147,-0.045175295288130336,-0.001003501709572267,-0.05184484626007887,-0.05284834796965116,-0.004404931590291233,-0.05995266820519333,-0.06435759979548462,0.007626612992749234,-0.06961411263417727,-0.06198749964142797,-0.0019749818430626668,-0.0456912400772237,-0.047666221920286335,0.0011373019375152664,-0.0561933536682254,-0.055056051730710175
S027,0.0008392286241246336,-0.014832076259034465,-0.013992847634909865,0.007827313334663733,-0.0551785160716723,-0.047351202737008526,0.012272784076583465,-0.018342583329882735,-0.006069799253299199,-0.0018732031912016,-0.048656312563409236,-0.05052951575461081,-0.0126470607803942,-0.0117733330247065,-0.024420393805100703,0.0071583121949489,-0.05986152404967626,-0.05270321185472737,0.0009940419559516668,-0.012835215655629234,-0.011841173699677568,-0.005352009117718767,-0.044709205839091604,-0.0500612149568104
S028,0.013923093312444165,-0.05193499568033736,-0.03801190236789317,-0.0034788059265172,-0.05842959833204253,-0.06190840425855973,0.0056271666166561665,-0.0082898404198038,-0.0026626738031475666,0.005151308775804333,-0.05468734231460417,-0.04953603353879984,0.0014772510512394996,-0.044316260665564496,-0.042839009614325,0.002207703761059,-0.0629788060821035,-0.0607711023210445,0.0010081906906586329,-0.006411586916083866,-0.0054033962254252,-0.009366015956007867,-0.049134632854970904,-0.058500648810978835
S029,-0.03266452210869803,-0.0362306291487342,-0.0688951512574323,-0.010302617551608667,-0.0556703480253502,-0.0659729655769589,-0.003000412007339267,-0.0600587777505659,-0.0630591897579052,-0.0024753042169449,-0.051471127097092235,-0.05394643131403717,-0.028489779526572667,-0.0321399374401354,-0.06062971696670814,-0.001137301937515233,-0.06276176010632763,-0.06389906204384284,-0.0047068428759282,-0.05713292821150343,-0.06183977108743166,0.0008028013676578336,-0.051939427894892636,-0.05113662652723477
S030,-0.006918859019926,-0.0540975051789676,-0.06101636419889367,0.009165315614093466,-0.043811621651313894,-0.034646306037220465,0.0008155706974402895,-0.05672000665840273,-0.05590443596096243,-0.004348507408146501,-0.06481582583722724,-0.06916433324537376,-0.011893332299562633,-0.05735370321555377,-0.06924703551511636,0.0008028013676577668,-0.040934916750540035,-0.04013211538288227,0.0031239145124649665,-0.059323338940912,-0.05619942442844697,0.008094913790549668,-0.0686960324475734,-0.06060111865702367
S031,0.004524737062690533,-0.02990210654448497,-0.025377369481794403,0.0010704018235437335,-0.043882215118946466,-0.0428118132954027,-0.0055595067561243,0.0137669351334423,0.008207428377318067,-0.0018063030772301001,-0.058633790842311996,-0.0604400939195421,-0.003124492728575233,-0.025019405172918733,-0.028143897901493967,-0.0074259126508348,-0.05398413232864074,-0.061410044979475574,-0.0012047250378459003,0.0061102168098793,0.0049054917720333996,0.004616107864032467,-0.06251399745265816,-0.05789788958862566
S032,0.012867072896660224,-0.0195294859792835,-0.006662413082623266,-0.0056865096875762,-0.0737662712506802,-0.07945278093825643,-0.0049124644267467665,-0.0087280254815596,-0.013640489908306434,-0.004616107864032433,-0.06067151093935013,-0.06528761880338257,0.010856434240327333,-0.018634834895141932,-0.007778400654814534,0.006288610713319567,-0.06680865939764577,-0.060520048684326165,-0.0005112236087164001,-0.013616902023803766,-0.0141281256325202,-0.0011373019375152,-0.0571258048988614,-0.05826310683637664
S033,-0.05164743452482057,-0.0798545085628896,-0.13150194308771024,-0.011707519945009834,-0.06312981132582383,-0.07483733127083374,-0.022184761000730968,-0.04091748940386986,-0.06310225040460084,0.0005352009117719001,-0.054127293853735194,-0.0535920929419633,-0.036690714078884905,-0.09134808486767027,-0.1280387989465552,0.0004683007978003989,-0.0642002131493676,-0.06373191235156721,-0.019617021199492032,-0.046497082222401336,-0.06611410342189343,-0.0015387026213441667,-0.054930095221393,-0.0564687978427372
S034,-0.022722326571378067,-0.06729887850494927,-0.09002120507632733,0.0095667162979223,-0.05474857448508524,-0.04518185818716283,-0.0020519340609816334,-0.05374287884294607,-0.0557948129039277,-0.0008697014816293,-0.05694342478063777,-0.05781312626226707,-0.0433040324538878,-0.07340305395975004,-0.11670708641363793,-0.0131793224523825,-0.0419037526025601,-0.055083075054942636,-0.0018435915284539335,-0.05504455977550337,-0.05688815130395733,0.004482307636089499,-0.056876524666666296,-0.05239421703057676
S035,0.0034442394875520334,-0.007592651919669434,-0.004148412432117401,-0.007760413220692266,-0.0543380136894109,-0.0620984269101032,0.0029878783370868,-0.00041927521575087944,0.0025686031213359,0.00026760045588593295,-0.0523358188318409,-0.05206821837595497,-0.0028479361063631,-0.015273897257255366,-0.0181218333636185,0.0070914120809774,-0.0728024451455408,-0.06571103306456337,0.0009227196483711,-0.0044250444360203,-0.0035023247876492334,-0.004749908091975467,-0.04230080173611813,-0.04705070982809356
S036,-0.018831346951391,-0.0045642114840807,-0.023395558435471767,-0.009767416639836832,-0.05061645485610483,-0.060383871495941675,0.009279749888463066,-0.0266071171744342,-0.017327367285971066,-0.0010035017095722666,-0.06413397123200591,-0.06513747294157819,-0.0019691718283376338,-0.010666209325587166,-0.012635381153924735,-0.007827313334663733,-0.04914465234873213,-0.05697196568339593,-0.0028295273370770673,-0.0249538684674798,-0.0277833958045569,-0.0008697014816292994,-0.05978546382385936,-0.060655165305488666
S037,0.0031408445470945665,-0.06999044536496733,-0.06684960081787272,-0.015654626669327435,-0.053422968659858294,-0.06907759532918584,-0.0035413411039132334,-0.050050105307032834,-0.0535914464109461,-0.0062886107133196005,-0.050161665720420696,-0.05645027643374027,0.0014155262824843667,-0.07052172563109686,-0.06910619934861247,0.011707519945009867,-0.07744010957562143,-0.06573258963061156,-0.0038887115663956665,-0.049836314919251605,-0.0537250264856473,0.0024084041029734334,-0.0551122741543106,-0.052703870051337136
S038,0.005334659440248034,-0.0370180796405212,-0.031683420200273135,0.0127110216545821,-0.046632104128487305,-0.033921082473905136,0.005160352042350167,-0.009919149410965,-0.0047587973686148664,-0.006756911511119933,-0.04354270480220843,-0.0502996163133284,-0.009166540580347467,-0.021527181874820233,-0.030693722455167702,-0.0008697014816293336,-0.03592808589304974,-0.036797787374679,0.004723967951152566,-0.0075861379890096664,-0.0028621700378571,-0.0041478070662320675,-0.04394410548603733,-0.048091912552269404
S039,-0.0005141702261048665,-0.03802955426179717,-0.03854372448790206,-0.000802801367657833,-0.0664377742064043,-0.06724057557406214,-0.006358702735806333,-0.005828053880093733,-0.012186756615900135,-0.0008028013676578003,-0.05420052010780683,-0.05500332147546466,-0.007849932371718266,-0.030088405415338332,-0.037938337787056665,-0.0056865096875762,-0.06396246998945937,-0.06964897967703555,8.41050125187332e-05,-0.008712085365733735,-0.008627980353215001,-3.332114676772117e-17,-0.050320313497460696,-0.05032031349746074
S040,-0.0005342231098390002,-0.0173332489689068,-0.0178674720787458,-0.0180630307723009,-0.0538975955977589,-0.07196062637005986,-0.0007428306976210667,-0.012358511098195002,-0.013101341795816068,-0.007225212308920367,-0.051039869117285606,-0.058265081426206004,0.005937467723472401,-0.0187290810603313,-0.0127916133368589,0.0008028013676578665,-0.07410143001714736,-0.07329862864948956,0.0026854610805751335,-0.015086350975051933,-0.012400889894476767,0.0032781055846027667,-0.057328479830605204,-0.05405037424600243
S041,0.002516316938453333,-0.059882370075800904,-0.05736605313734753,-0.0006690011397148332,-0.0547015121733302,-0.05537051331304504,-0.00013880063562313332,-0.05909330462489243,-0.059232105260515595,-0.0036126061544601664,-0.05582332785889987,-0.05943593401336003,0.007776956043784634,-0.06440178896321737,-0.056624832919432766,-0.003947106724317633,-0.03978278675768904,-0.04372989348200667,-0.004772733742456934,-0.059275268886182834,-0.06404800262863984,-0.0074928127648063335,-0.055756427744928366,-0.0632492405097347
S042,-0.0007250035347290996,-0.11721182257900113,-0.1179368261137303,0.0018063030772301006,-0.07033366825400213,-0.06852736517677203,0.003602336095332668,-0.20094254378122808,-0.19734020768589536,-0.0056865096875762,-0.03832667168756804,-0.04401318137514427,-0.038784294099291565,-0.0840902995607846,-0.12287459366007614,-0.006154810485376634,-0.060967652297994196,-0.06712246278337088,-0.0341354605273718,-0.18636301197773575,-0.22049847250510757,0.0020739035331160324,-0.04668918593400367,-0.044615282400887635
S043,-0.009461806909775433,-0.017477186910663533,-0.026938993820438965,-0.00046830079780036646,-0.0690669176388148,-0.0695352184366152,-0.00012163810961296657,-0.010068038509699567,-0.0101896766193125,0.003947106724317567,-0.05040355924529367,-0.04645645252097607,0.0016099373289356,-0.020357357506634,-0.018747420177698402,-0.003813306496374633,-0.07441892675653364,-0.07823223325290823,-0.00038991085942193334,-0.011616045310365466,-0.0120059561697874,0.0003345005698573999,-0.043646647734173705,-0.04331214716431623
S044,0.003722034021552368,0.0074149486713491,0.011136982692901498,0.010235717437637166,-0.05152365616703156,-0.04128793872939433,-0.0013878133392769664,-0.006686204390011799,-0.008074017729288833,-0.0127110216545821,-0.048821487665855534,-0.06153250932043774,-0.004288238116884333,0.012968717751050601,0.008680479634166334,-0.013246222566354,-0.029312818328498497,-0.0425590408948526,-0.004124803608726367,-0.0039844105727268,-0.008109214181453167,-0.0014049023934012,-0.05316999507400207,-0.054574897467403266
S045,0.0068042611171778185,-0.016706187616545732,-0.009901926499367867,0.0094329160699794,-0.0876411611557064,-0.07820824508572703,-0.003947331166015834,-0.0162663443755365,-0.020213675541552335,-0.0018063030772301001,-0.04549131002261713,-0.0472976130998472,-0.0003416351755704666,-0.019408458512979867,-0.019750093688550335,-0.0030105051287168,-0.08135255044238683,-0.08436305557110363,0.0019408193529993,-0.0181905697689346,-0.016249750415935297,-0.005753409801547634,-0.036727395092352566,-0.0424808048939003
S046,0.015645044853118167,-0.036428955660856265,-0.020783910807738,0.006154810485376599,-0.05370302021063853,-0.047548209725261865,0.005958134522655732,-0.014923716959233868,-0.0089655824365781,0.0026091044448879,-0.054435429295969895,-0.051826324851082,0.018101866636788134,-0.029392211719398,-0.011290345082609869,-0.0004683007978004006,-0.055910723971697496,-0.0563790247694979,0.012200193360877,-0.01569882482439317,-0.0034986314635161667,0.00020070034191443353,-0.05316432713051167,-0.052963626788597236
S047,0.005582921652174367,-0.03984062678428607,-0.0342577051321117,0.0172602294046431,-0.07908690549389563,-0.0618266760892525,0.0020778023706696665,-0.0542474518301572,-0.05216964945948754,-0.005352009117718767,-0.054322326252159235,-0.059674335369878005,-0.0072735738629819665,-0.02851367313038437,-0.035787246993366335,-0.0032781055846027667,-0.07172789295703226,-0.07500599854163507,-0.0028459093165973336,-0.05256179920214487,-0.05540770851874224,-0.0024084041029734664,-0.0590722343441347,-0.06148063844710814
S048,-0.02303504173390013,-0.03650113657764017,-0.059536178311540365,0.0062217105993481,-0.07784434423119557,-0.07162263363184747,0.004088712777138066,-0.020277104500607965,-0.016188391723469964,-0.0028767049007738694,-0.05016014814189503,-0.05303685304266886,-0.003732424494907266,-0.044706219615493,-0.04843864411040027,0.009432916069979399,-0.080386548562112,-0.07095363249213256,0.004020458141526533,-0.026719064094660766,-0.02269860595313423,-0.0013380022794297335,-0.047283443241121166,-0.04862144552055083
S049,-0.0039109547398806675,-0.021795299308752302,-0.025706254048633068,-0.011105418919266535,-0.03616451265973843,-0.047269931579004935,-0.0017956132526353666,-0.022837927243935865,-0.024633540496571266,-0.004883708319918367,-0.0482379080491091,-0.053121616369027465,0.0010722793044333002,-0.027412657300899163,-0.026340377996465898,-0.0044823076360895,-0.045396728387803335,-0.04987903602389284,-0.005676474893649801,-0.015727608105991265,-0.021404082999641066,-0.001739402963258633,-0.048572408618966535,-0.05031181158222517
S050,-0.00209515089206568,-0.012542480205582332,-0.014637631097648068,-0.0097005165258653,-0.0441341281375807,-0.05383464466344606,-0.0018630798373794,-0.011549454590528167,-0.0134125344279076,-0.0074259126508348,-0.05321204763887649,-0.060637960289711336,0.0014720344148569332,-0.016208584785183364,-0.0147365503703264,0.017527829860529035,-0.05095793976267216,-0.0334301099021431,-0.002446993158483867,-0.012358188919398867,-0.014805182077882733,-0.011105418919266433,-0.050669843307960066,-0.06177526222722657
S051,0.0038490286673492336,-0.05066230251619406,-0.04681327384884484,-0.0096336164118938,-0.05375332711474417,-0.063386943526638,-0.00021460279337870005,-0.028023094167055798,-0.02823769696043457,0.0084963144743786,-0.065418932112344,-0.05692261763796539,0.0017143739574660335,-0.050776093086402206,-0.049061719128936136,0.0024084041029733996,-0.0640559446663529,-0.061647540563379434,0.00011219847666236668,-0.028853675780092698,-0.02874147730343027,0.0026091044448878996,-0.05879582082916696,-0.05618671638427906
S052,-0.008218192808151099,-0.028916763281715368,-0.03713495608986644,0.006756911511119967,-0.053482482066507665,-0.04672557055538767,-0.0025594905045315665,-0.0445944690790941,-0.047153959583625636,-0.004683007978003933,-0.04717818391593637,-0.05186119189394026,0.005086095544956101,-0.043911363903543076,-0.038825268358586934,-0.003545706040488733,-0.05247898035693533,-0.05602468639742406,-0.002047951767982267,-0.0436651994757708,-0.04571315124375306,0.008429414360407067,-0.06002300579846146,-0.05159359143805433
S053,-0.0027654736122964666,-0.007761318506630266,-0.0105267921189267,0.005017508547861367,-0.055791952984396466,-0.05077444443653507,0.006714235056318868,-0.010332582878902166,-0.0036183478225833335,-0.0024084041029734664,-0.0647232187922428,-0.06713162289521624,0.0007932471880445999,-0.004298116426512066,-0.0035048692384675,-0.0086301147023216,-0.04622523668647413,-0.05485535138879571,0.005964880576477667,-0.008535261483483934,-0.0025703809070063,0.0004683007978004,-0.06004021081423883,-0.05957191001643839
S054,-0.011551740700194867,-0.0015045379528379667,-0.013056278653032766,0.0036795062684317,-0.05718683588403637,-0.0535073296156047,0.003929552031413767,-0.007848717953850934,-0.003919165922437167,0.0031443053566597664,-0.04351132992770507,-0.04036702457104527,-0.0072417191522227,-0.011407322366272765,-0.018649041518495436,0.004415407522118,-0.04935952254937263,-0.0449441150272546,-0.0018377059089357995,-0.012835382352996867,-0.014673088261932666,-0.0014718025073726666,-0.05046894178073954,-0.05194074428811216
S055,0.0005911075213113586,-0.060680580600942134,-0.06008947307963077,-0.0252882430812213,-0.04066969325509564,-0.06595793633631697,0.002258038779518133,-0.0334576077463944,-0.031199568966876267,0.005017508547861367,-0.05306888611378203,-0.04805137756592067,0.009534161023972133,-0.060436376685214004,-0.05090221566124183,0.005887210029490701,-0.05391591582144967,-0.048028705791959,0.0007069103268568334,-0.03381773554080363,-0.03311082521394677,-0.012911721996496567,-0.0389529620657987,-0.051864684062295295
S056,-0.027455832203442134,-0.0125946376802196,-0.04005046988366177,0.0024084041029734673,-0.07186103498836544,-0.069452630885392,-0.0026911575491356666,-0.0192154551979337,-0.021906612747069367,0.0019401033051730666,-0.051522339773812036,-0.04958223646863896,-0.015535403986411234,-0.026129225415406337,-0.041664629401817636,0.012042020514867233,-0.08156155151423077,-0.06951953099936353,0.0047384813410919335,-0.025853129189188334,-0.0211146478480964,0.008094913790549699,-0.052994142281184674,-0.044899228490635
S057,0.004223385340689267,-0.0482303656002789,-0.04400698025958966,-0.005151308775804333,-0.028235230982938703,-0.033386539758743096,0.009031681848804034,-0.014396120404991768,-0.0053644385561877,0.0004683007978003667,-0.06564281655737236,-0.06517451575957196,0.0026470773943483,-0.04921914961737326,-0.04657207222302497,-0.002408404102973433,-0.029038032350596533,-0.03144643645356997,0.0048183383465377665,-0.01617441033393707,-0.011356071987399234,-0.0070914120809774,-0.06484001518971454,-0.07193142727069197
S058,-0.0124915727677128,-0.0024352621643005997,-0.014926834932013367,0.0084294143604071,-0.05908159564128617,-0.05065218128087906,0.0010461521298077002,-0.0144664287553107,-0.013420276625503033,0.0002676004558859,-0.057038865797367395,-0.05677126534148147,-0.0013605336471099333,-0.008974970493302,-0.010335504140411834,-0.002609104444887933,-0.053863386751510305,-0.05647249119639824,-0.0007215136595144335,-0.01628581975775543,-0.017007333417269933,-0.004749908091975432,-0.05295795884510684,-0.057707866937082235
S059,-0.007972633169314033,-0.006994370609940434,-0.014967003779254534,-0.005619609573604733,-0.07145897610792677,-0.07707858568153153,-0.002001574557511666,-0.025916261404314165,-0.027917835961825867,0.0146511249597552,-0.0537614184093744,-0.039110293449619166,0.0013818101502496999,-0.015272233194029467,-0.013890423043779701,-0.001806303077230071,-0.07687788533961706,-0.07868418841684717,0.0019918143932925996,-0.028527365068177966,-0.026535550674885333,0.0018063030772300667,-0.05249031624391617,-0.05068401316668606
S060,6.9977682615332175e-06,-0.06169414227226807,-0.06168714450400653,-0.0011373019375152,-0.04644511663399523,-0.0475824185715105,-0.0021079157878292,-0.024449262735117768,-0.026557178522946968,-0.007693513106720733,-0.05462479375090353,-0.06231830685762433,-0.011675331712765802,-0.06149478023229624,-0.07317011194506207,-0.004749908091975434,-0.05179712575171403,-0.0565470338436895,-0.003927558080070267,-0.023624113373487965,-0.027551671453558232,6.690011397146647e-05,-0.05589589591636174,-0.055828995802390265
S061,-0.0028086288135653003,-0.012854068134036467,-0.0156626969476017,-0.013045522224439566,-0.021093264421851266,-0.0341387866462908,-0.002933150554682233,-0.0167321089490391,-0.0196652595037213,-0.0030105051287168338,-0.05527527348162146,-0.0582857786103383,0.0052179789584104,-0.012280992652064998,-0.0070630136936546,0.003746406382403133,-0.03654719074926433,-0.03280078436686113,-0.0014383030580729667,-0.018375600001443032,-0.019813903059515935,0.003278105584602733,-0.055342173595592965,-0.052064068010990165
S062,-0.0281361889333883,-0.0005494949365532133,-0.0286856838699415,6.69001139715e-05,-0.06252401694641936,-0.062457116832447944,0.0005492235181405334,-0.0036528254207937997,-0.003103601902653233,0.0078273133346637,-0.05658756883003824,-0.048760255495374494,-0.0007813752161765663,-0.01589783048678,-0.0166792057029566,0.0009366015956007658,-0.06259091706039087,-0.061654315464790076,0.0020497009680385714,-0.0046712934552767,-0.0026215924872381477,0.0023415039890019996,-0.053242563131464,-0.050901059142462034
S063,0.010056760947847966,-0.014590302222088734,-0.004533541274240767,-0.0027429046728308995,-0.053896736215843004,-0.0566396408886739,0.0009771507027704195,-0.006835204389852234,-0.005858053687081734,-0.0078273133346637,-0.06010928670334573,-0.0679366000380095,0.0029876986598237,-0.010017838612416832,-0.007030139952593133,0.0004683007978004,-0.055769939407044604,-0.05530163860924423,0.0006972789359841665,-0.0072426517522234,-0.006545372816239167,0.0008697014816293,-0.06499299502326417,-0.06412329354163487
S064,0.004395741660599933,-0.06657066186575254,-0.06217492020515256,-0.001003501709572267,-0.056357669388755804,-0.057361171098328105,0.0031214896523212333,-0.04737239811470036,-0.04425090846237909,-0.005954110143462167,-0.049795790276059904,-0.055749900419522026,0.008130306984337867,-0.06860022665717123,-0.06046991967283336,0.008697014816293,-0.046724052976861996,-0.038027038160568905,0.005256870804958034,-0.0484238677061124,-0.04316699690115433,0.004080906952260634,-0.05033099118783177,-0.046250084235571164
S065,0.0118521802191842,-0.05111334671056641,-0.039261166491382164,-0.001538702621344133,-0.03720703177713377,-0.0387457343984779,-0.0005117437376061668,-0.0215610712163502,-0.022072814953956434,0.006556211169205466,-0.0595788943531484,-0.05302268318394287,0.0100741581402721,-0.05707017917955864,-0.0469960210392865,0.0162567276950708,-0.0534637594722046,-0.03720703177713377,-0.0011377420722876667,-0.0199815796264465,-0.021119321698734234,-0.009165315614093434,-0.046800972584594765,-0.05596628819868821
S066,-0.001735620604098067,-0.006911620859724366,-0.008647241463822467,-0.0014049023934011664,-0.05274222926255046,-0.054147131655951634,0.011546870883434666,-0.0014448854358959,0.010101985447538766,-0.0006021010257433668,-0.0524120802429639,-0.05301418126870724,0.002138350927853633,-0.012371071514814735,-0.0102327205869611,-0.0060210102574336675,-0.04518251638377263,-0.0512035266412063,0.007303895018063634,0.0014975875949322336,0.008801482612995867,0.005084408661832867,-0.057095088220967836,-0.052010679559134965
S067,0.006891880328465767,-0.0023289055667692665,0.0045629747616965,-0.00026760045588593295,-0.0592851299549458,-0.059552730410831735,0.0097995394430324,0.0015400369000184999,0.011339576343050934,0.006288610713319533,-0.0576274551609945,-0.051338844447674926,0.0008460030003405666,0.0020366819543593,0.002882684954699833,-0.0039471067243176,-0.0562077247122575,-0.06015483143657513,0.008346781207147866,0.0043415576564917666,0.012688338863639632,-0.005352009117718733,-0.05207474570136126,-0.05742675481908007
S068,0.0013259341703122669,-0.0262435851482565,-0.0249176509779442,0.00033450056985743354,-0.040725714493389964,-0.040391213923532565,0.002639900910134633,-0.017872357879226464,-0.015232456969091765,-0.0077604132206922334,-0.04345161533574963,-0.05121202855644189,-0.0090575918687944,-0.016725870466324264,-0.025783462335118763,0.0101019172096942,-0.044873521559622064,-0.034771604349927834,-0.002888013903668267,-0.0181171653732545,-0.021005179276922803,-0.0117744200589813,-0.03937070838348907,-0.05114512844247043
S069,-0.0008525886610927337,-0.0262516271940131,-0.027104215855105866,0.007559712878777733,-0.046608960397866106,-0.03904924751908827,1.92772182615e-05,-0.0003438014442553668,-0.00032452422599383354,-0.010369517665580133,-0.05373893287536293,-0.06410845054094312,0.005067863704562,-0.025478942907988664,-0.020411079203426667,0.009299115842036434,-0.05604187646784547,-0.046742760625809066,0.00027503287719336664,-0.0045666177096481,-0.0042915848324547,0.009366015956007867,-0.059090941993081764,-0.049724926037073826
S070,0.007962417473231,-0.025085527524026697,-0.017123110050795667,-0.016189827581099332,-0.0461812095317704,-0.062371037112869766,-0.0020950336335149003,-0.0007831616556105665,-0.0028781952891253665,-0.004482307636089433,-0.059473635027963566,-0.06395594266405306,0.003869455487216466,-0.028037180978464065,-0.0241677254912476,-0.0010704018235437333,-0.0643780405320143,-0.06544844235555806,-0.0028554280199928335,0.0011229991830428998,-0.0017324288369498667,-0.004883708319918367,-0.06054403685150733,-0.06542774517142576
S071,-0.008257374399640733,-0.005074116534029167,-0.013331490933669832,0.0006690011397148665,-0.06670319888715487,-0.06603419774744,-0.004995196006065467,-0.0006302990877384666,-0.005625495093803866,-0.0034119058125456994,-0.0421412945771622,-0.04555320038970793,-0.0055757665140133,-0.003448631115030567,-0.0090243976290439,-0.0036795062684317,-0.06028078794589228,-0.06396029421432396,-0.0011672803632919997,-0.0016335965779832,-0.0028008769412752005,0.010704018235437566,-0.04903200631622517,-0.038327988080787564
S072,-0.027424225740680697,-0.06253781928588777,-0.08996204502656846,0.0010704018235437333,-0.0530632181702916,-0.05199281634674787,0.0005440940654690666,-0.0335100867184348,-0.0329659926529657,0.012844821882525101,-0.0742644293444583,-0.061419607461933125,-0.03944325185988196,-0.08200027600311972,-0.12144352786300171,-0.003211205470631267,-0.05386601953794943,-0.0570772250085807,-7.51220434997e-05,-0.034192232782908595,-0.034267354826408226,-0.0072921124228918005,-0.0634935109950492,-0.07078562341794108
S073,-0.0053567682202615334,-0.05693395819366693,-0.062290726413928466,0.004214707180203533,-0.052194174885272095,-0.047979467705068564,0.0005471577136766669,-0.04437327757822731,-0.04382611986455063,0.0024084041029734334,-0.05014597828316903,-0.047737574180195565,-0.002357617062367033,-0.058266330639410426,-0.06062394770177746,-0.0008028013676578,-0.04336335984103603,-0.04416616120869387,-0.005389359336727732,-0.043214108748286,-0.048603468085013764,0.010101917209694234,-0.06024789549286327,-0.050145978283169
S074,-0.0033896347588810334,-0.05645677161757293,-0.059846406376454,0.004080906952260567,-0.07372006832084103,-0.06963916136858044,-0.003725760534304484,-0.078349392882197,-0.08207515341650147,0.0005352009117718664,-0.053867537116475066,-0.053332336204703235,-0.0024878063283334667,-0.0502180078715982,-0.05270581419993176,0.0018063030772301001,-0.07438906946055583,-0.07258276638332577,-0.009406463503676134,-0.0699828973533317,-0.07938936085700789,0.012242720856781734,-0.0592864463481654,-0.04704372549138364
S075,-0.005630861880548566,-0.021371042755664104,-0.027001904636212732,0.00856321458835,-0.05180694406016917,-0.04324372947181913,0.0010355828188752,-0.0305193954574632,-0.029483812638588,0.008563214588350033,-0.05379193390196187,-0.04522871931361177,-0.007949296238696535,-0.022219937598754735,-0.030169233837451303,-0.0071583121949489,-0.04177192696444643,-0.04893023915939534,-0.0021257342655425335,-0.023827750171635066,-0.025953484437177637,-0.007292112422891867,-0.04549631976949773,-0.0527884321923896
S076,-0.005860831364871699,-0.04527018889295547,-0.051131020257827196,0.00046830079780036706,-0.05739623932649257,-0.05692793852869219,-0.004964582595275034,-0.052794880545055,-0.057759463140330036,0.0028767049007738664,-0.0685110195429106,-0.06563431464213673,-0.007791782059746066,-0.043281594455160305,-0.051073376514906475,-0.0046830079780039655,-0.06910375927150243,-0.07378676724950638,0.0009342948716038,-0.056382763209884106,-0.05544846833828033,-0.010570218007494567,-0.06416251213476407,-0.0747327301422587
S077,-0.010175936731626567,-0.0220522309775497,-0.0322281677091763,-0.0007359012536863006,-0.07293143681190924,-0.07366733806559557,0.008513062210210434,-0.011386034104960167,-0.0028729718947496335,0.001003501709572267,-0.04942141291646349,-0.048417911206891234,-0.007169541841878433,-0.022098182168889733,-0.0292677240107682,-0.0015387026213441663,-0.06844912917581973,-0.06998783179716388,-0.009035764908706733,-0.0037807176946286665,-0.012816482603335434,-0.001070401823543733,-0.04955521314440647,-0.05062561496795023
S078,0.005464317648652333,0.008372045704355067,0.013836363353007497,-0.007158312194948867,-0.0715494073777758,-0.07870771957272467,-0.0009200317842563,0.0008334109013531,-8.662088290323337e-05,0.0012042020514867002,-0.05387603903171073,-0.052671836980224006,-0.017208541143164866,0.032349637141935166,0.015141095998770365,-0.015922227125213434,-0.06064468880042373,-0.07656691592563716,0.0038285829233397663,-0.002238246298632726,0.0015903366247070332,-0.0022746038750304665,-0.0562175430207127,-0.0584921468957432
S079,0.000583546162105234,0.0003192893525423332,0.0009028355146476341,-0.0010704018235437333,-0.05347529654449157,-0.0545456983680353,0.0004583044670658333,-0.0091713166116598,-0.008713012144593933,-0.0030774052426883,-0.0456216180822051,-0.0486990233248934,-0.0017144769379590999,-0.007850826570671066,-0.009565303508630099,0.0034788059265171666,-0.05394359734229196,-0.05046479141577473,0.0024651494644895,-0.0067669682217079,-0.004301818757218367,0.0034119058125457002,-0.044751916600575765,-0.041340010788030034
S080,0.003856945457060033,-0.028821111678756464,-0.024964166221696404,0.010971618691323534,-0.06875858101127401,-0.0577869623199504,0.0027384784151344,-0.018016728843892067,-0.0152782504287576,0.0032781055846028,-0.0546169500322777,-0.051338844447674926,-0.005641127188746233,-0.020429694385679435,-0.0260708215744257,-0.0038133064963746326,-0.059860865853066464,-0.0636741723494411,0.001661557316957867,-0.014820575283801667,-0.013159017966843767,-0.001739402963258633,-0.05669085356539374,-0.0584302565286523
S081,-0.004057002278986166,-0.036085157836040736,-0.0401421601150269,-0.0077604132206922334,-0.048437950194413736,-0.056198363415106034,-0.0010313292686733335,-0.054163241538427366,-0.055194570807100767,0.003679506268431667,-0.04693892317750247,-0.04325941690907079,-0.012615924448762,-0.034399886666380636,-0.047015811115142664,0.0010035017095722,-0.0558638628452486,-0.0548603611356763,-0.0014609558111987001,-0.057348616803741266,-0.05880957261494,0.0047499080919754,-0.043861517934814166,-0.039111609842838735
S082,0.00026375395440566646,-0.005914332861500699,-0.005650578907095032,0.0016725028492871,-0.04947480136831873,-0.04780229851903156,0.0005738183461865292,-0.0089377198009014,-0.0083639014547149,0.006422410941262567,-0.054230377403784565,-0.047807966462522,0.00021305319970816675,-0.0063453708643840005,-0.0061323176646758,0.0052182088897758,-0.05288670718086447,-0.0476684982910886,0.0058323018392285,-0.0132782586051932,-0.007445956765964701,0.008563214588350099,-0.05423037740378459,-0.0456671628154345
S083,-0.006255073355798567,-0.011324395384921101,-0.017579468740719667,0.014718025073726701,-0.04755888741563297,-0.03284086234190623,-0.0004039297997141334,-0.040251473654145,-0.04065540345385907,-0.008630114702321499,-0.0488299895810912,-0.05746010428341277,-0.0185326844547836,0.0031962091656630998,-0.015336475289120466,-0.004415407522118033,-0.04528428354060247,-0.049699691062720465,-0.004913725479194267,-0.041042132308685704,-0.045955857787880035,0.006756911511119967,-0.053579897673066625,-0.046822986161946634
S084,0.004421464782080167,-0.0140993837764652,-0.009677918994385,0.0010035017095723006,-0.056404731700510906,-0.0554012299909386,-0.0024149307641185,-0.005803607047160966,-0.008218537811279533,0.0002676004558859338,-0.05563963134745661,-0.05537203089157067,-0.010493277534982868,-0.0054824141009162984,-0.015975691635899167,-0.007225212308920367,-0.05413012782548036,-0.06135534013440077,-0.0042120097870852,-0.0021978639344722665,-0.006409873721557433,0.0078942134486352,-0.06226274263063364,-0.054368529181998394
S085,-0.03050215348211233,-0.044279971697143004,-0.07478212517925543,-0.002274603875030534,-0.061182522498634706,-0.0634571263736652,-0.003587416700591367,-0.02013720330786323,-0.02372462000845463,0.0021408036470874667,-0.0504996584586331,-0.048358854811545594,-0.045620664092659864,-0.04789730505452853,-0.09351796914718846,0.0010704018235437665,-0.06492892888103786,-0.0638585270574941,-0.0030211380130082334,-0.026178450120983934,-0.0291995881339922,-0.0060210102574336,-0.04815815446963114,-0.0541791647270648
S086,-0.0043082123909698,-0.03973597633953333,-0.0440441887305032,-0.0041478070662320995,-0.0563485092769104,-0.0604963163431425,0.0034223941922350335,-0.0198244232224178,-0.016402029030182768,-0.007425912650834767,-0.049493322777315635,-0.05691923542815044,-0.007836718837179067,-0.0371470398660404,-0.0449837587032195,0.0162567276950708,-0.06303852067405893,-0.04678179297898807,0.0016251441315535667,-0.020268512381017765,-0.0186433682494642,-0.0076266129927493,-0.04889122175157227,-0.056517834744321566
S087,0.008757643097771535,0.0054075838654999335,0.0141652269632715,0.012108920628838733,-0.05171236242535543,-0.039603441796516634,-0.0003692699910361668,-0.020257282416584563,-0.020626552407620735,0.006087910371405133,-0.06713162289521628,-0.0610437125238111,0.0152615645945871,4.878197946630037e-05,0.0153103465740534,-0.0018063030772301001,-0.050909561057697596,-0.0527158641349277,-0.0035029344350204668,-0.019710613886354065,-0.023213548321374566,-0.0022077037610589664,-0.0558255036340353,-0.058033207395094266
S088,-0.007360371681903133,-0.019557478382038435,-0.0269178500639416,0.0026668223092252996,-0.0531339284455773,-0.05046710613635197,0.005244897454176966,-0.012221461899278334,-0.006976564445101301,0.006707462171687933,-0.05240187142000413,-0.0456944092483162,0.0046001013598802,-0.031029615990257733,-0.026429514630377432,-0.0062225853881924,-0.0510327957170967,-0.05725538110528913,0.0023447214723331666,-0.013996622209911333,-0.011651900737578135,0.004525516645958066,-0.047472290787799735,-0.042946774141841636
S089,0.00011431045386296687,-0.007148132266453367,-0.0070338218125903665,0.008697014816293034,-0.06441923371497284,-0.055722218898679766,0.0015406883229882693,0.0011255311853097,0.002666219508298033,0.0034788059265172,-0.056003331016682,-0.052524525090164774,0.0004178926899554666,-0.009949324014486298,-0.009531431324530867,0.0027429046728308336,-0.05157441183244771,-0.048831507159616795,0.0006341021630447667,0.0005658992052316971,0.0012000013682765334,-0.0012711021654581997,-0.05740823341008313,-0.058679335575541364
S090,-0.026143606308524765,0.007455407308516966,-0.018688199000007732,0.005418909231690267,-0.044727727248088496,-0.039308818016398205,0.0017535427336237668,0.0003082808268139242,0.0020618235604376663,-0.009499816183950835,-0.06611111735517274,-0.07561093353912367,-0.013731432402740266,-0.0038998302461564337,-0.0176312626488967,-0.00040140068382893353,-0.050414236935664734,-0.05081563761949363,-0.0023330835111095662,-0.0031287653250357,-0.005461848836145267,0.002207703761059,-0.06925542271183253,-0.06704771895077354
S091,0.012639548832197567,-0.011677113764864834,0.0009624350673327332,0.019267232823787665,-0.06022370614037594,-0.04095647331658823,0.0013495767316498667,-0.027011149812220598,-0.025661573080570734,-0.0050844086618328,-0.057878709983019,-0.06296311864485189,0.0019693795411463333,-0.0005493264485201335,0.0014200530926261666,0.009031515386150433,-0.05968850522860406,-0.0506569898424536,0.0018299943810858998,-0.027495433156642133,-0.025665438775556233,-0.0039471067243176,-0.05901601192053427,-0.06296311864485186
S092,-0.008564454937374568,-0.0301076684768192,-0.0386721234141938,-0.013738175532372866,-0.01968290716809,-0.0334210827004629,-0.0016077689485962,-0.0069988747825788,-0.008606643731175,0.008646969305669966,-0.05445885762876943,-0.0458118883230994,-0.0125865161604194,-0.030223328543566103,-0.04280984470398557,0.0025051967147267998,-0.035683841023442,-0.033178644308715165,-0.004458774914742167,-0.005553035222931432,-0.010011810137673667,-0.005010393429453633,-0.045650262728600864,-0.05066065615805453
S093,-0.008048140311389167,-0.0329916779244571,-0.0410398182358463,-0.0048837083199184,-0.06390908153760412,-0.06879278985752253,-0.0037848956875069333,-0.0018888324782403334,-0.005673728165747301,0.00026760045588593355,-0.053204862116860464,-0.052937261660974504,-0.012787853703917634,-0.04534244750991817,-0.0581303012138358,-0.006154810485376566,-0.05741977048237007,-0.0635745809677467,-0.0044690039321092665,-0.003921306448917834,-0.008390310381027133,0.007359012536863367,-0.06250397795889687,-0.05514496542203354
S094,-0.0246365366140472,0.014696893660308033,-0.0099396429537392,0.010369517665580133,-0.08372173595223108,-0.07335221828665091,-0.0179929944461438,-0.0158267748192339,-0.03381976926537773,-0.015654626669327435,-0.040537209420372235,-0.056191836089699736,-0.0242288860560738,0.014910989393519902,-0.009317896662553867,0.005285109003747267,-0.0862639402831475,-0.08097883127940017,0.004295339723850633,-0.020537791178798132,-0.0162424514549475,0.005887210029490633,-0.05371653187275477,-0.04782932184326407
S095,0.0067901939066571,-0.0147963303844889,-0.0080061364778318,0.0040140068382891,-0.05959108962204507,-0.05557708278375597,0.005148188478262867,-0.03982535469595106,-0.034677166217688134,0.0037464063824031667,-0.05283048475726403,-0.04908407837486087,0.005912791322110133,-0.020293577368923867,-0.014380786046813634,0.0026091044448879,-0.0648761986257924,-0.0622670941809045,-0.0005041958442169673,-0.037706081507801366,-0.03821027735201834,-0.0032112054706312666,-0.0469432747277733,-0.0501544801984046
S096,-0.001570284175590667,-0.036850452822545836,-0.038420736998136536,-0.004415407522118033,-0.027796787481116036,-0.03221219500323403,0.005693349364519733,-0.027456088901240464,-0.0217627395367207,-0.006957611853034434,-0.049966633321996634,-0.056924245175031106,0.0034440986808503,-0.04199803957871473,-0.038553940897864396,-0.0052851090037473345,-0.026391885087714867,-0.031676994091462164,0.0032913482189620333,-0.02730153591135177,-0.024010187692389735,0.005218208889775766,-0.05745944608680296,-0.052241237197027134
S097,0.0012700954527550999,-0.0240389214281951,-0.022768825975439968,-0.004749908091975467,-0.05185051420356923,-0.056600422295544704,0.0005016637911356999,-0.008274558383070568,-0.007772894591934899,0.0011373019375153,-0.053854683650968634,-0.052717381713453366,-0.0011679334420275332,-0.016338504683128932,-0.0175064381251565,0.0006021010257433666,-0.0529878161410845,-0.05238571511534113,0.0061661705383427995,-0.012325351970110867,-0.006159181431768066,-0.0020070034191445336,-0.055727886842170234,-0.057734890261314765
S098,-0.0015197090047397676,-0.050290245955173264,-0.051809954959913064,-0.010235717437637199,-0.036029853049879566,-0.04626557048751676,0.0009589112104286,-0.057290058599225806,-0.056331147388797236,-0.004281607294175034,-0.05956472449442237,-0.0638463317885974,-0.0035294830126354998,-0.06010239038410686,-0.06363187339674233,0.0040140068382891,-0.040645960913912,-0.0366319540756229,0.005418310155467433,-0.05715925565609994,-0.05174094550063246,-0.0131793224523825,-0.05153671081784417,-0.0647160332702267
S099,0.01887645261855497,-0.03038263861108623,-0.0115061859925312,-0.0163905279230138,-0.060791141308567075,-0.0771816692315809,0.007232385629383266,-0.014781706244554901,-0.007549320615171666,0.0018063030772301001,-0.045094919085668796,-0.043288616008438696,-0.006876958393318866,-0.0183472326503643,-0.025224191043683133,-0.0028098047868024,-0.07243176113960546,-0.0752415659264078,0.0040482403448309666,-0.013296603310545467,-0.009248362965714433,-0.0012711021654581666,-0.04803852410041417,-0.04930962626587237
S100,-0.047210118116598664,-0.0540482026724573,-0.101258320789056,0.006222585388192435,-0.07566755811889077,-0.06944497273069826,-0.0016274745586416998,-0.024789152026234166,-0.0264166265848759,0.002909260700973067,-0.036136977113076806,-0.033227716412103696,-0.03844866944552333,-0.052872326697820334,-0.09132099614334377,0.0034749502817178666,-0.0809203899400921,-0.07744543965837426,-0.006051070454226134,-0.026999682220886934,-0.03305075267511313,0.0029092607009730664,-0.0354096619378335,-0.03250040123686043
S101,-0.004370723746267433,-0.0356581956182171,-0.04002891936448453,-0.0031443053566597664,-0.09412698004258546,-0.09727128539924527,-0.0016493559845610249,-0.0055073006016473,-0.0071566565862083665,-0.0024753042169449336,-0.043877205372065874,-0.04635250958901077,-0.0027182021595324665,-0.0323086164311977,-0.03502681859073023,-0.0009366015956007667,-0.09171857593961204,-0.09265517753521284,-0.0022696394162986665,-0.004354637736127666,-0.006624277152426301,0.0038133064963746335,-0.05016581608538543,-0.0463525095890108
S102,-0.004044577634910534,-0.030283644807762234,-0.034328222442672834,0.0106371181214661,-0.0864417676657942,-0.07580464954432807,-0.0012271709693171334,-0.03638972292560057,-0.037616893894917736,0.002207703761058967,-0.055637455572321165,-0.0534297518112622,-0.004394019934574367,-0.03161362962509556,-0.0360076495596699,0.009165315614093434,-0.07506874829064174,-0.0659034326765483,0.0019344669586412334,-0.03907256335733947,-0.03713809639869823,0.00046830079780036706,-0.05309525124140477,-0.05262695044360436
S103,-0.0025911043395918,-0.007054593163829733,-0.009645697503421567,0.0028767049007738326,-0.0510939157657506,-0.04821721086497673,-0.004783769403877234,-0.007186073865224033,-0.0119698432691013,-0.0037464063824031,-0.052313805254489,-0.0560602116368922,0.0071757815744744,-0.003878912818874466,0.0032968687555999664,-0.002341503989001967,-0.04922071257454904,-0.05156221656355103,0.003515122339750234,-0.0134939607912301,-0.0099788384514798,0.012108920628838801,-0.0614791208685825,-0.049370200239743665
S104,0.0058499427052694656,-0.057869060586833033,-0.0520191178815635,0.024217841257677536,-0.056823136214811,-0.032605294957133435,0.019686766702213,-0.026341867928906266,-0.006655101226693167,-0.004616107864032434,-0.052543046499161666,-0.0571591543631941,-0.0050037044617939,-0.0538783984056568,-0.05888210286745071,-0.004415407522118,-0.05046762538751997,-0.05488303290963797,0.016303518061590066,-0.03291894211185353,-0.016615424050263502,-0.003010505128716733,-0.05434934957639173,-0.05735985470510857
S105,0.00015084893461076639,-0.0321039668809614,-0.03195311794635063,0.009566716297922365,-0.07720019064057777,-0.0676334743426554,0.009392309260298966,-0.020802864374776967,-0.011410555114477935,-0.006288610713319533,-0.04390488689290813,-0.050193497606227704,-0.0002285459026659988,-0.031252524611455564,-0.0314810705141216,-0.008429414360407032,-0.06649617240514016,-0.07492558676554727,0.0019303324171214,-0.0226454376020859,-0.020715105184964434,0.0129117219964966,-0.055545506723946536,-0.042633784727449935
S106,-0.03548654284495866,-0.0038213982411354004,-0.039307941086094034,0.0041860357027872,-0.04925907178576233,-0.04507303608297514,-0.010070460453476668,-0.0057489524205479,-0.015819412874024535,-0.008286056973325334,-0.05157507002905747,-0.059861127002382865,-0.026240121766006933,-0.027470118172207864,-0.05371023993821483,0.001940103305173033,-0.044843664263644334,-0.042903560958471275,-0.005128883532693599,-0.010681071665874868,-0.015809955198568534,0.005084408661832867,-0.05665947869089033,-0.05157507002905746
S107,-0.011804781666508833,-0.0015829664832810667,-0.013387748149789934,0.0012711021654582004,-0.06191341400544043,-0.0606423118399822,-0.010211565003215033,0.00256744975939855,-0.007644115243816467,-0.004749908091975434,-0.061559733829976364,-0.06630964192195177,0.011580341722203099,-0.0228399116698532,-0.011259569947650067,0.010503317893523134,-0.0704766285937905,-0.059973310700267374,-0.004094229430882634,-0.0011168622911167667,-0.005211091721999367,0.004482307636089433,-0.07340105400292919,-0.0689187463668397
S108,-0.006981629307067367,-0.029702632693396267,-0.03668426200046367,-0.0034788059265171995,-0.0401022580869045,-0.043581064013421766,-0.0007722555302764001,-0.008567658143117366,-0.009339913673393733,0.005084408661832834,-0.05991840466988647,-0.0548339960080536,-0.013724324048130768,-0.034553365382087135,-0.04827768943021793,-0.0060210102574336,-0.04451766560902254,-0.0505386758664562,-0.0015729624386158336,-0.010131738883794998,-0.011704701322410799,-0.008897715158207434,-0.05496779623599657,-0.06386551139420406
S109,-0.015737786558070666,-0.018361935194774602,-0.034099721752845265,0.0020070034191445665,-0.0410507310939875,-0.039043727674842967,0.0013698616587651997,-0.0196273584673686,-0.018257496808603366,0.0053520091177188004,-0.06336874597505567,-0.0580167368573369,0.0015541295191098994,-0.030559415065010236,-0.029005285545900334,0.0061548104853766,-0.04446263690653324,-0.0383078264211566,0.0022651054856355,-0.018678870882818034,-0.016413765397182534,-0.005820309915519167,-0.056478034235992736,-0.06229834415151194
