subject_id,rpl_alpha,resting_alpha_power,resting_total_power,alpha_power_c3,alpha_power_c4,alpha_asymmetry,rpl_lower_beta,resting_lower_beta_power,rpl_upper_beta,resting_upper_beta_power,smr_strength,IAF_c3,alpha_peak_amp_c3,beta_peak_amp_c3,beta_center_freq_c3,aperiodic_exp_c3,IAF_c4,alpha_peak_amp_c4,beta_peak_amp_c4,beta_center_freq_c4,aperiodic_exp_c4,alpha_var_C3,alpha_cv_C3,alpha_var_C4,alpha_cv_C4,coherence_mu,coherence_beta,coherence_low_beta,coherence_upper_beta,pse_C3,pse_C4,pse_Cz,pse_avg,lzc_C3,lzc_C4,lzc_Cz,lzc_avg,theta_power,alpha_power,tar
S001,0.19474051586755697,8.242792091358748e-12,4.232705276884791e-11,6.628976330324017e-12,1.039650433155891e-11,0.4500192350527392,0.07977805432007418,3.3767699150017947e-12,0.08623806889745762,3.65020329290623e-12,7.022792890643892,11.978943559123163,22.815138449091002,12.760082496590394,23.81950674458105,0.5000000000000001,,61.51204659005066,6.2514040741015044,13.000000000000002,0.5000000000001865,6.601784499848018e-12,0.061019332603894444,4.663399802973774e-12,0.043488429269641596,0.14133197438071432,0.11545170886501659,0.12318502900860397,0.1094854518489405,0.9771378259893478,0.9883876913585214,0.9942044439501293,0.9865766537659996,0.0027157101296004607,0.009504985453601613,0.013578550648002305,0.008599748743734793,5.685271073314674e-12,6.728551940583135e-12,0.05326851128346351
S002,0.2021660619683541,7.847295232389515e-12,3.881608592454002e-11,6.816839054886924e-12,4.408732442152843e-12,-0.4358086626662683,0.11288925993064697,4.381919213425725e-12,0.20961088916424891,8.13627428451872e-12,5.940522957851371,11.726630337275886,10.176643168598323,34.33111505052612,22.893571604948804,0.5000000000000001,9.076708425745624,44.16329508108411,81.81027346849638,23.576032132798144,0.5000000000000242,2.558320671655758e-12,0.024697737559029632,1.4337253542100102e-12,0.014018715294421249,0.17596532185349853,0.14147179314373273,0.13589578524118878,0.14487395335223366,0.9977488264655109,0.9988373152682667,0.9877659059193301,0.9947840158843692,0.005431420259200921,0.0027157101296004607,0.021725681036803685,0.009957603808535023,3.514686412778157e-12,3.428551774366329e-12,0.03398178116663174
S003,0.09918317577358356,3.0219455118233073e-10,3.0468327801096406e-09,1.9908508239507326e-11,8.757055383373358e-10,3.7838827008958944,0.06117786610396887,1.8639872786273084e-10,0.0437450514048163,1.3328385658777558e-10,4.247567519396547,,51.445280750148335,7.098251389254615,19.972889452862564,0.5000000000000001,,93.33445249337541,21.950329944202302,25.687428551508983,0.5000000000000001,5.284604368968748e-12,0.046158914931120676,2.667545217972427e-10,0.4158616798108372,0.12338677266847412,0.12185024520652993,0.1221453347661737,0.12106467799397506,0.9807495960092956,0.952386421031261,0.9952254688260537,0.9761204952888701,0.0027157101296004607,0.005431420259200921,0.0027157101296004607,0.0036209468394672807,3.6115535051962575e-10,1.6939180700088572e-10,1.3406322728977365
S004,0.09490607893119611,2.1622277069755225e-12,2.2782815719771427e-11,2.7933096152171087e-12,2.282965635124878e-12,-0.20175181989078794,0.07532108240892463,1.7160263403362472e-12,0.06396113247058788,1.4572146943052921e-12,3.151023059621153,,79.30121704049637,18.015913197741103,23.955119294072947,0.50000000000034,10.131500756466915,68.58907559119343,5.787934231393932,20.84794883109726,0.5000000000000001,8.383471210591434e-13,0.008184708092432238,7.108964803050224e-13,0.006985405686405091,0.12513410812378953,0.13319519364122998,0.11014395246896015,0.1494141153691526,0.9982965711125817,0.9992301395318741,0.9998737259761016,0.9991334788735191,0.0027157101296004607,0.0027157101296004607,0.006789275324001152,0.004073565194400691,3.195264670754539e-12,1.5954367290227565e-12,0.03145086800775322
S005,0.058462719275940524,4.349915426748635e-12,7.440494524753964e-11,4.316240075674077e-12,5.4365506103220616e-12,0.23076011034400068,0.05940417843832759,4.419964644178839e-12,0.042855588298535155,3.1886677009036087e-12,3.573126347950094,,51.986930565891804,18.88815915202521,19.707314156448824,0.5000000000000001,,7.814120857458807,59.710772363582905,13.000000000002427,0.5000000000000001,1.5109442014511456e-12,0.014592698239428633,3.4160095255848218e-12,0.03179887220892086,0.16789400708354216,0.12718425303025693,0.14870817539923645,0.11160252517296201,0.9969525350741109,0.9919643343108012,0.998913242891473,0.9959433707587951,0.10591269505441797,0.0027157101296004607,0.10998626024881865,0.07287155514427902,7.541399437009171e-12,4.122103007321386e-12,0.0724284202795913
S006,0.08435778861662577,2.5053954643151287e-12,2.969963420569502e-11,3.175071671552345e-12,3.5837388225031076e-12,0.12107641346463893,0.08861438475022539,2.631814812444413e-12,0.09119199218145517,2.708368810277819e-12,2.8113008821767096,,19.712730343441404,16.587761030256566,18.992094565948346,0.5000000000000464,8.79001219974957,7.088170527919708e-33,37.43713682604275,25.52855231584548,0.5000000000000001,1.5648821464744142e-12,0.015178411101021584,1.5760384129374064e-12,0.01528623536277785,0.12442698823968024,0.12275007377790126,0.13853460275027768,0.1115137332839356,0.9978200003827009,0.9989519314947505,0.9998333354107679,0.9988684224294064,0.0027157101296004607,0.0027157101296004607,0.0027157101296004607,0.0027157101296004607,4.401468650583845e-12,2.133916934606244e-12,0.04309507343581069
S007,0.3790580307537076,1.5279008247608972e-11,4.030783417839388e-11,1.1050587561481509e-11,1.7285370740088988e-11,0.4473769222687416,0.10761872082536542,4.337877553519693e-12,0.09057226470302217,3.650771826811015e-12,5.20991263566151,12.049142376640338,20.508986836958144,13.488920222290334,23.1664157298159,0.5000000000000001,10.662917899602448,13.52817065953829,13.403487321850413,18.36269438963904,0.6423780753375452,6.651641833883905e-12,0.06147387925730592,9.774617348541282e-12,0.08779606510836364,0.22133443817442994,0.15877521223658936,0.1740969254820315,0.14794531849612533,0.9863382563478605,0.9900080331519152,0.9722196849623062,0.982855324820694,0.07332417349921244,0.0027157101296004607,0.07332417349921244,0.04978801904267512,4.996095499526195e-12,9.730976908704939e-12,0.045530402082202326
S008,0.10676785876805103,2.5941932299384465e-12,2.4297511066267885e-11,2.8795046977654034e-12,3.018408066832246e-12,0.0471112628017778,0.060450444466123805,1.4687953433764554e-12,0.050950230318359366,1.2379637849892343e-12,1.8008520500467,8.283764300130121,9.240921554316197,4.418867082706049,23.579033216337066,0.557945700988768,,11.130454734417846,1.8468895848592262,16.06701760248956,0.5000000000000001,1.0363088771837253e-12,0.010158205048484966,9.52176008371926e-13,0.009325693036109032,0.12624988579170565,0.12329393199001852,0.1265430820248403,0.12049050335429463,0.9993582115761145,0.9986074302563069,0.9986968655618167,0.9988875024647461,0.006789275324001152,0.0027157101296004607,0.005431420259200921,0.004978801904267512,3.2421720321416363e-12,1.7469830724957206e-12,0.031865043407051756
S009,0.07873562627694722,8.03346131003878e-12,1.0203083013249461e-10,8.36801947974331e-12,9.028817349116292e-12,0.07600415455652865,0.1672814771093682,1.706786797525873e-11,0.17604312119464272,1.7961825794604752e-11,3.7836311192966505,,1.991746391465444,17.6592909143878,20.664408829766217,1.0058299308789955,,2.365457841926064e-11,99.99999993713686,24.27765060627328,1.9999999999941966,5.641901812985306e-12,0.05156096595996542,3.719539868402467e-12,0.03454291357296294,0.16601364135233682,0.14473793763966586,0.13971835790845918,0.14758479644721129,0.994807239811965,0.9895573243387001,0.9924957968696468,0.9922867870067705,0.0448092171384076,0.013578550648002305,0.008147130388801382,0.0221782993917371,1.0369977061299303e-11,7.737891139903205e-12,0.09625190312880129
S010,0.09120992728797848,3.4982775612279714e-11,3.8354131674535897e-10,3.20740811208473e-11,5.249758705906085e-11,0.492718945500382,0.038475291484840385,1.475686395825718e-11,0.02638165847113776,1.011845602794653e-11,3.77236506094507,,40.67236017750386,13.087646811647238,20.574663765302102,0.5000000000000001,8.354578675201228,99.99999999997623,7.573743994368164,27.4520277635794,0.5000000000000001,9.70282421965783e-12,0.07636768699906545,1.4336098571215422e-11,0.10637920428254025,0.1406145212453745,0.13321244944560096,0.13610431061579675,0.13027244545591687,0.972038295543251,0.9639728968948832,0.9806707767778996,0.9722273230720112,0.0027157101296004607,0.1249226659616212,0.012220695583202074,0.04661969055814125,5.581471094316651e-11,2.405064096806904e-11,0.4499348855241575
S011,0.12360089036817332,1.552932846614797e-12,1.2564091099902549e-11,1.1046297636381084e-12,1.6490876635365791e-12,0.40071198050476653,0.06763669271848438,8.497935690111531e-13,0.053075718812577485,6.668481663540351e-13,3.135535376750255,,47.84710929536199,6.138515665567049,20.257941772795203,0.5000000000000001,,48.76600748212461,15.550449869083733,19.033502262255023,0.5000000000000001,3.465003124497641e-13,0.0034404373321909403,6.121668783199295e-13,0.006046380429537311,0.12805093097185058,0.12689424075172148,0.14082229769673185,0.11728710214008872,0.9998256319059307,0.999544991585846,0.9996525884999465,0.9996744039972411,0.013578550648002305,0.02579924623120438,0.012220695583202074,0.017199497487469587,1.5587548434156235e-12,9.133049300120743e-13,0.01544647501631911
S012,0.11488642667974606,1.0873180479238568e-12,9.46428642049101e-12,1.2528180024426902e-12,1.2898635676187741e-12,0.029141035327565845,0.08433820012792079,7.982008821993338e-13,0.08627984799294348,8.165771937216436e-13,2.928980330669731,,44.164465033563864,10.115190977408794,25.53833433397476,0.5000000000000177,,19.928770640591974,48.70916253342781,26.541804233021146,0.5000000000000001,5.539994943099338e-13,0.005465075530345767,4.0646707229946246e-13,0.004025557779964187,0.10645080535874679,0.14719931408304354,0.14109331321528346,0.1508601396888005,0.9995516927521728,0.9996688681870692,0.9998582893238716,0.9996929500877045,0.008147130388801382,0.04073565194400691,0.0027157101296004607,0.017199497487469583,2.332508656937089e-12,9.57501098214743e-13,0.023103866791115882
S013,0.09905190962397498,7.40879343506397e-12,7.479707825108615e-11,8.416382562244411e-12,8.196741224227355e-12,-0.026443447901019823,0.10197965269002332,7.627780062274262e-12,0.10389937164692158,7.771369431313475e-12,4.475835460872645,,17.752250964842656,54.79950380715234,21.14198593631916,0.5000000000000586,,51.28154612468167,26.70916631141384,21.430004292943664,0.5000000000000001,3.742670299643025e-12,0.034632434372307945,4.2975612610862494e-12,0.0392280578433157,0.11924854146231872,0.13795868103893272,0.1442189467898905,0.13529412501284166,0.9936328189459751,0.9906968690618789,0.995910848043474,0.9934135120171094,0.013578550648002305,0.012220695583202074,0.013578550648002305,0.013125932293068895,1.414998025434172e-11,7.132681357347645e-12,0.13207902644706138
S014,0.08853410934330595,1.4884818838137473e-11,1.6812524515742375e-10,9.170088656640013e-12,2.570558023993637e-11,1.0307611439510787,0.052320140838391135,8.796336505125448e-12,0.035666211065942574,5.996390479298015e-12,3.1419914098133006,,18.893494850957467,4.204845391138333,16.794730710948077,0.7085130725488737,,53.920129673122446,10.151374148344868,19.508618901816575,0.5000000000000001,3.76672769901596e-12,0.034590658510044094,1.2530498420412888e-11,0.09724242739327686,0.1427667625738948,0.13563698318831835,0.1480904507436353,0.1279056214770961,0.9910236221031454,0.962827716605195,0.990034483571062,0.9812952740931341,0.01240201752233989,0.0027560038938533086,0.017914025310046506,0.011024015575413234,3.3621766488472254e-11,1.4432557061944506e-11,0.29381294407562836
S015,0.1321552660696799,1.1927373840391138e-11,9.025273222258382e-11,1.2129587085446702e-11,1.6266478998822905e-11,0.29345880556136095,0.09541528233062774,8.611489926128379e-12,0.07559648945269692,6.822789719541638e-12,4.387904352608814,11.223025088200133,8.852412074952252,17.54996456427091,22.96633140087456,0.5145115587964261,10.867438938431377,12.303842982721937,25.163741148599915,21.36958939776161,0.5000000000000017,4.362576798600617e-12,0.03976975232473509,6.423519573992841e-12,0.0545563339790507,0.14181215661457008,0.17300914642837067,0.16428731005948327,0.17954273055860726,0.9929872192467596,0.9848146477364754,0.9922949237978108,0.9900322635936819,0.020367825972003456,0.0027157101296004607,0.0027157101296004607,0.008599748743734793,1.2325458174610219e-11,1.0983522822143441e-11,0.11105664932228157
S016,0.20975720660747793,6.485445506997258e-13,3.091882091628717e-12,6.364945749723819e-13,1.0058708991354898e-12,0.457633116801194,0.1494194119293518,4.619872038860571e-13,0.15635109116747717,4.834191387873315e-13,3.8286895407626815,,28.15441038387063,12.097082090535762,23.87265025224313,0.5000000000000397,11.938347484182732,4.987211073804417,44.27776136449016,23.44407086226199,1.2490508035444259,2.422828367428233e-13,0.0024143727128487567,3.7855567978974797e-13,0.0037623457112029835,0.2145274574105028,0.12608669939323217,0.1368366256725924,0.11789439465786924,0.9999791459402518,0.9995926106031513,0.9999948989706225,0.9998555518380084,0.0027157101296004607,0.0027157101296004607,0.019009970907203227,0.008147130388801382,3.300391407792657e-13,3.5021219390007147e-13,0.0032888733722012753
S017,0.09425119267444643,1.7566945989774188e-11,1.863843362752159e-10,3.2090536183961454e-11,1.2988015451532426e-11,-0.9045341198201235,0.10477588271745279,1.95285833579423e-11,0.11985907669689151,2.233985445671032e-11,1.2306504417204849,9.350932455772629,9.787043921799927e-09,31.74868839121655,29.999999632051093,1.5216411059119568,8.024999999999999,2.9759599200525952e-09,3.1308379317607704,23.097322264372462,1.9999998146910924,5.1200118108583183e-11,0.4088748930296061,2.7070134279414395e-12,0.0257612367852334,0.1296229235688239,0.12691581247343578,0.11211013092340565,0.13699866541599443,0.9907989725289053,0.9993120805551285,0.9969910189082221,0.9957006906640853,0.0027157101296004607,0.07739773869361313,0.021725681036803685,0.03394637662000576,1.5210145493208642e-11,1.0113654229270149e-11,0.13813132984887824
S018,0.12272851961461277,9.457098947169365e-13,7.70570603871551e-12,7.723948928489412e-13,1.4965661964791822e-12,0.6614326220359139,0.16484883801318204,1.2702766865534116e-12,0.1294423688380263,9.974448432208195e-13,2.4898612630918393,9.733684016299318,1.7466074747235144e-18,21.00820948538246,18.205786872378088,1.1714616229731225,,32.45021911291603,4.1130671137085235,19.66843889806647,0.570416288946374,4.936158330710667e-13,0.004902565986342203,5.459642331207472e-13,0.005383524572484745,0.12649188987137178,0.13481781657207226,0.16018597129553805,0.11698102435685023,0.9998585443564759,0.9996709175062118,0.9999564659947693,0.9998286426191524,0.0027157101296004607,0.07875559375841336,0.019009970907203227,0.03349375826507235,1.3498586383368288e-12,7.646959445734225e-13,0.01339614659363763
S019,0.14554466263035326,3.4178919582666383e-12,2.3483457905613634e-11,3.2573421657211673e-12,5.102755720642306e-12,0.44886915491828816,0.11749358179760111,2.759155582323738e-12,0.1544123415033001,3.6261357217999853e-12,6.32308556630673,12.072874390606469,13.656966024879605,69.14887043945092,23.796454171252325,0.5000000000000001,12.360488483391764,12.905016576353118,76.25043674302049,24.540504060286754,0.5000000000000001,2.008229570973632e-12,0.019468734405764264,2.6555334492428204e-12,0.025538505787860242,0.12051136021752852,0.13289268937410645,0.1229591893437162,0.13961008535713226,0.9973441896229372,0.9966549507678467,0.9989717837118279,0.9976569747008707,0.0027157101296004607,0.019009970907203227,0.0027157101296004607,0.008147130388801384,2.308539800030334e-12,2.626604662830933e-12,0.022494554970563452
S020,0.10433739564528295,3.718967904798199e-12,3.5643671972047466e-11,3.3717180881063426e-12,2.8774125206520323e-12,-0.15853097289191354,0.07278045455776337,2.5941626482334248e-12,0.047339115033764034,1.6873398877105058e-12,2.3942702914419414,,4.598664467440064,56.70914935210973,26.726795291803,0.9680792593515042,11.51604453878443,4.746364633106015e-16,26.928021811306447,29.99999999999796,1.506625169580411,3.606841406158257e-12,0.03480238233871033,2.2232272365471744e-12,0.021526170385812827,0.13807988309229602,0.15259913754796536,0.1604165667005204,0.14969012639728277,0.9987659049212345,0.9983733741492358,0.9972916635191279,0.9981436475298661,0.0027157101296004607,0.0027157101296004607,0.0027157101296004607,0.0027157101296004607,5.258476829974087e-12,3.4440849591633025e-12,0.050834002079964066
S021,0.16508210210530003,3.532130378896558e-10,2.139620427563696e-09,1.0510077550915403e-09,6.802294203808208e-12,-5.040244811429577,0.14742180844824387,3.154267128242448e-10,0.09032626727728793,1.9326392661206347e-10,7.250208871524585,,99.99999999760324,99.99999997545821,19.02815100766345,0.5000000000003044,8.338869973259156,23.631582341618238,53.107507124262206,17.438661230978912,0.5000000000000001,1.0862734226126765e-11,0.0926657881521758,8.4699180230611e-13,0.008369541552261819,0.1248287486407739,0.14727318494378572,0.1678211529390087,0.13402784823525418,0.9751194282690129,0.9992260773320337,0.9997725741723505,0.991372693257799,0.010862840518401843,0.020367825972003456,0.0027157101296004607,0.011315458873335252,1.1911149533090774e-11,5.8955745637936114e-12,0.11248014454008423
S022,0.09966560966287973,1.4728906926483835e-11,1.4778324214645915e-10,1.1880205565853205e-11,2.152663685139416e-11,0.5944174743142874,0.0802806831252821,1.1864139633986722e-11,0.06696295730172097,9.896002933763235e-12,5.328610556701555,,99.9999999956136,75.6179805260939,24.69643330888148,0.5000000000009447,,80.51105247928335,20.91002872805958,26.849733871477824,0.5000000000000001,6.1778284744607744e-12,0.05422449990716069,2.0398333587165107e-11,0.16352902169940386,0.14898700465785725,0.1431448781721109,0.14058110319035363,0.14424726745259114,0.9870383338447317,0.9798205875390922,0.9895302565297831,0.9854630593045357,0.012220695583202074,0.013578550648002305,0.0027157101296004607,0.009504985453601613,2.87412980913277e-11,1.5676419196420242e-11,0.24846289581737968
S023,0.17670841513693128,1.1544284819650079e-11,6.532957024544879e-11,1.0066450215577032e-11,1.623808078948399e-11,0.47815101604484767,0.1310710047332622,8.562812410863204e-12,0.0978476109377933,6.392342372109911e-12,4.632712917211613,,35.13627012180421,33.913119921429406,26.83926310056013,0.5000000000013027,,99.99999999999856,99.67704602313927,22.781461758524316,0.5000000000000001,6.427207654764376e-12,0.05936834078984642,3.724492744536658e-12,0.034706296940057786,0.13857928469562258,0.14703004511720316,0.15071947912367897,0.1434962297679469,0.997018633509464,0.9948395868749549,0.993666353479481,0.9951748579546332,0.005431420259200921,0.04616707220320783,0.0027157101296004607,0.018104734197336405,1.0680462341464818e-11,7.238973123508106e-12,0.09959497028346245
S024,0.16951913455902,1.6365619223664649e-12,9.654142741017105e-12,1.7045322676826005e-12,1.6645453692732963e-12,-0.023738708635697492,0.12680503187692377,1.2241938780190461e-12,0.23248112885173136,2.2444060025274046e-12,3.807686549399982,12.064296366308698,5.118481738260965,22.562989017158475,23.20909134663085,0.8871835939906433,11.876947811380221,8.262196566256469,99.99999999999999,25.20428960069768,1.6506886644146321,7.279926463765182e-13,0.007178961308070119,1.2561051838432175e-12,0.012267346923918334,0.12951486772417295,0.13286786007394338,0.12121093832332465,0.14118426500785444,0.9996571610299406,0.9990672557206964,0.9996715470465087,0.9994653212657152,0.0027157101296004607,0.0027157101296004607,0.0027157101296004607,0.0027157101296004607,1.073079571586314e-12,1.412598494444645e-12,0.01058132409106051
S025,0.16480138958012225,1.62696175623421e-11,9.8722575117804e-11,1.4009849812956123e-11,2.789614103191188e-11,0.688727724690029,0.06902376692264063,6.814204014934185e-12,0.06515217490432003,6.4319904810800394e-12,8.33749125732384,11.241935079478342,33.177246207588695,55.47310531835414,21.21828531926046,0.5000000000000001,8.935408457404113,54.107091109632755,45.590095449667885,21.60586443936635,0.5000000000000001,6.103072787691453e-12,0.05567613373808062,1.6218172345044752e-11,0.1285533107455461,0.15481101032921096,0.12363902156580014,0.11583449651059004,0.12913033486023384,0.9735596407209847,0.9733614908963008,0.9919322082666949,0.9796177799613268,0.0027157101296004607,0.0027157101296004607,0.010862840518401843,0.005431420259200921,1.3912648797347535e-11,1.302370868551224e-11,0.12309495909446214
S026,0.13926604431477546,1.40061090698895e-12,1.0057088315248082e-11,2.1231746946337546e-12,2.048320665252081e-12,-0.03589219627064111,0.19047273798776074,1.915601147590018e-12,0.17075490204200414,1.7172971300979708e-12,5.67326442986824,,53.51017497082625,99.99948301136378,22.187704255119204,0.5000000064131449,8.191843596422467,5.5529547397129183e-33,24.412884636556655,23.850702353902197,1.9999999999999998,7.628210601214457e-13,0.007499386200936645,1.1482774865176588e-12,0.011160905849624007,0.15027438969341333,0.17547989471258474,0.15600338978781783,0.189873891662367,0.9991970948465655,0.9972357309549782,0.9999998846582385,0.9988109034865941,0.03258852155520553,0.012220695583202074,0.0027157101296004607,0.015841642422669354,1.4442920897523618e-12,1.463062528306857e-12,0.014234658936590086
S027,0.06921346989432559,2.5500127949583234e-11,3.6842724383731324e-10,2.6137747878088407e-11,3.0261341936942174e-11,0.1464905059399335,0.03607989133433926,1.3292814922260375e-11,0.03323458461963884,1.2244526411491498e-11,5.590941819512501,11.43469910431036,19.940952847377417,11.71579405532189,23.373616843678132,0.5000000000000001,8.55135169257098,50.66198763515042,7.087272838557849,21.506471001411818,0.5000000000000001,3.6718598687229306e-11,0.2721522224164654,1.3899146636206177e-11,0.1134347535143654,0.16621770787659265,0.13148419139348907,0.11861974602379084,0.14018593865322979,0.9156589973282727,0.973496716832782,0.9846829871490594,0.9579462337700381,0.008147130388801382,0.0801134488232136,0.08282915895281406,0.05702991272160968,3.263656472462411e-11,2.3345492714261707e-11,0.26459470878460833
S028,0.11078704540524197,1.9756181254028524e-11,1.7832573458172345e-10,1.773571255695899e-11,1.1386950183763494e-11,-0.443112286441,0.07354131239921989,1.3114308555694894e-11,0.0449234311343045,8.011003856956315e-12,6.235828550576926,9.290438587930296,8.585220628388301,97.69540426392817,13.000000000000048,0.5000000000000001,8.931177618758124,6.5495093539709375,79.17299993296362,15.34556779296893,0.5000000000000001,9.619550469822794e-12,0.0844851707946003,5.785792297117082e-12,0.05258458174771883,0.1341150754470578,0.11499173866546498,0.10844956143454942,0.11891148383502309,0.9792949209823968,0.9870004288919473,0.9765284795980803,0.9809412764908081,0.0312306664904053,0.04345136207360737,0.0027157101296004607,0.025799246231204376,2.3669658856218055e-11,1.5426322184719843e-11,0.20506292159546471
S029,0.4549084866069779,1.1716389231084967e-11,2.575548616046691e-11,7.29872462900164e-12,1.408729982659916e-11,0.6575740454378334,0.12645550668879504,3.2569230524380918e-12,0.1378087363939636,3.5493310029861624e-12,10.030448390585484,11.61743526991289,50.13601412940207,58.133374326101844,22.78525831184271,0.5000000000000001,11.497468402284627,29.69116496668946,25.471669761324087,23.231113210681833,0.5000000000000001,2.3494947495030024e-12,0.02272952446474114,7.405023749534501e-12,0.06604455015776688,0.15628065143874492,0.1459416880841842,0.18009045165251755,0.12201673627297545,0.9964958643867227,0.9508883900839388,0.9867853770330886,0.9780565438345833,0.05567205765680945,0.013578550648002305,0.0027157101296004607,0.02398877281147074,1.7897466463166193e-12,6.688990130929821e-12,0.016775364019475898
S030,0.3672939047587247,2.3438445374928983e-12,6.3813869686527184e-12,1.6624915453493838e-12,1.7524125665097555e-12,0.052676039929249185,0.1023132532205962,6.529004608223784e-13,0.12748836276082595,8.135525767768052e-13,3.1110865143089086,11.851808800317208,8.727330337336369,12.30044369708312,23.315561927988465,1.5174661569750945,10.226109377671818,6.126865082608364,8.85722510188745,26.290149334736284,1.1674040717876522,6.174842337363395e-13,0.006124772527766985,1.010269172496284e-12,0.010017584772572585,0.166869306225927,0.17417144663735484,0.16778964671500213,0.1799693372242249,0.9997848072233175,0.9998624888330269,0.9993633599208798,0.9996702186590746,0.010862840518401843,0.0027157101296004607,0.0312306664904053,0.014936405712802534,7.015117010497339e-13,9.351547284254426e-13,0.006950122610275977
S031,0.169149204331428,4.4548285057900416e-12,2.6336680230912162e-11,3.4343953685624638e-12,4.103276834620327e-12,0.17794499306996414,0.09221968281920732,2.4287602974056074e-12,0.08907119335582513,2.3458395371981144e-12,8.128039455154195,,22.33520252388631,75.68934595615296,29.999999999999996,1.0213839332564332,,39.614294050339275,52.031789619843344,17.219792164597738,0.5000000001241781,2.18450485266179e-12,0.021048619750069945,2.154281647895395e-12,0.02082438668458696,0.16138727557503502,0.14828609322804778,0.12745607953580337,0.1630285875347544,0.9959408787411818,0.9930954666747895,0.9861737633944848,0.9917367029368188,0.052956347527208986,0.028514956360804835,0.023083536101603915,0.03485161332987258,4.2616471075543134e-12,3.5359898916355405e-12,0.04116102151546245
S032,0.07081436861030642,1.5826902937700127e-11,2.234984685776985e-10,6.026259958438116e-12,8.511178700749938e-12,0.3452538614738856,0.08820815546850894,1.971438766327529e-11,0.08099292948946399,1.8101795706516716e-11,5.311001913064587,9.494155317079375,13.373164849370037,62.255584799597216,21.519599720007673,0.5000000000000001,,6.6261360126027204,99.99630823667728,23.85365056220115,0.560627634394759,2.2999153410191602e-12,0.021941346436161253,2.788544094334991e-12,0.026181940214023158,0.10756912286394332,0.1200461424505762,0.12486338610354995,0.1158875635839543,0.9962052638591492,0.9978407931800602,0.9848464507622798,0.992964169267163,0.13985907167442374,0.0896184342768152,0.0027157101296004607,0.07739773869361313,2.2641495762009475e-11,1.2034083677888935e-11,0.20209471099086612
S033,0.2642189188262717,7.98753389720599e-12,3.0230741737528364e-11,9.456611372739364e-12,1.2704102537008255e-11,0.29521086265901886,0.20566809811953024,6.217499157900162e-12,0.10784664473427953,3.2602840642209778e-12,13.507053556080017,10.11962884691168,36.53566331281512,55.01012126761155,18.80651334814835,0.5000000000000001,10.43128461561161,31.197608153556004,58.8975596351615,18.67369097989521,0.5000000000001937,2.007013076318247e-11,0.15026184504915188,9.704909090599331e-12,0.08422367086587859,0.15918422344747613,0.13585543726472032,0.14416221905809695,0.12924879892340266,0.9039382623415647,0.9476305258800989,0.9879228638491259,0.9464972173569298,0.0027157101296004607,0.0027157101296004607,0.04616707220320783,0.017199497487469583,3.936243891574027e-12,1.7390701527704927e-11,0.03353113867068124
S034,0.0882812762735064,2.1002019771830304e-11,2.3789891422461346e-10,2.9431387813582275e-11,2.7954090985140095e-11,-0.051498160684460004,0.014268576426063237,3.3944788392913594e-12,0.012387623255165398,2.94700212222742e-12,7.497452327558371,8.8098894036156,45.235803970928536,12.158608472652116,19.49604000232594,0.5000000000000001,9.997718795185653,34.76803625898232,26.549243125024294,19.314534022519798,0.5000000000000001,1.9673530753662658e-11,0.15716200528323926,1.7770469566452663e-11,0.14382992004381823,0.13796926803898657,0.1457067154388639,0.14638506213321376,0.1449357765795252,0.9130491859658266,0.9065801462993711,0.9858170524194743,0.9351487948948907,0.0027157101296004607,0.0027157101296004607,0.0027157101296004607,0.0027157101296004607,1.6716399214978645e-11,1.78463636965631e-11,0.14184908800428406
S035,0.3891823170577019,5.352259206859247e-12,1.3752575521219525e-11,5.457671546321284e-12,9.155540295739168e-12,0.5173369507697281,0.1465402441718399,2.0153057748711773e-12,0.13709548499763596,1.885416011048207e-12,13.371568358144394,11.64781476890525,21.927225770862513,92.41840565393314,13.000000000000705,0.5000000000000006,11.28071669554854,32.75956757371269,99.99999999999999,17.299840349008203,0.5000000000000001,3.2774958975368433e-12,0.031556601220018576,7.593808055026322e-12,0.06957432491741945,0.14936251007689466,0.1449371499003491,0.1656234051702752,0.13034617640414453,0.9889077543947632,0.9682534959373391,0.9995608642106447,0.9855740381809156,0.08826057921201498,0.0027157101296004607,0.10862840518401844,0.0665348981752113,1.1158060450825015e-12,4.449011653885187e-12,0.010682782224689408
S036,0.19001376658248517,9.337809236810869e-12,4.9142803728156805e-11,1.832376477324835e-11,6.151665048890608e-12,-1.0914760540246995,0.14656753383939164,7.202739548389204e-12,0.1370372035618744,6.734392398096665e-12,7.486933328276699,8.644217569925836,99.99999998732481,99.99999999999999,22.820082236346586,0.5000000000005714,12.425470125943022,99.99999997219632,99.99999999636783,25.14924927728629,0.5000000000000077,8.327793869282843e-12,0.07434822318491764,1.7548321922386382e-12,0.01702270954063202,0.1279235509734697,0.12857334546430688,0.1543334658316445,0.10978490742039533,0.9900870524833372,0.9989821425532636,0.9993760633069472,0.9961484194478493,0.02579924623120438,0.016294260777602765,0.03258852155520553,0.02489400952133756,6.2754324899469726e-12,5.311259939166517e-12,0.05958937813080958
S037,0.06973674825773162,1.0540020760612492e-12,1.5114012373589467e-11,5.747140938739941e-13,1.707686570765768e-12,1.089022161838436,0.08946836645442557,1.3522259976370248e-12,0.12655270952860895,1.912719217726669e-12,2.5368745475918573,,8.505433871542404,14.171181099353554,25.34923487766683,0.9604761111892948,,9.15799378995761,2.9900078899238765e-17,13.396148654078349,1.714091795394777,9.407983562838296e-13,0.009338166853014107,2.0107827056092482e-12,0.019617245034687446,0.22429572021056343,0.2072218467859391,0.20272666054875685,0.21098387079555683,0.9997155878912319,0.9984147592915413,0.9966856190133775,0.9982719887320503,0.008147130388801382,0.021725681036803685,0.0027157101296004607,0.010862840518401843,4.858319609774877e-12,2.1884295977391372e-12,0.04754275634628565
S038,0.09549064190101238,6.813099313063398e-12,7.13483455282037e-11,1.0744174700555897e-11,5.1649615705310294e-12,-0.7324660571966852,0.07127872991034989,5.085619450455152e-12,0.05495931475148743,3.921256178882428e-12,2.017717684262543,8.255672064795965,19.83958311481694,5.775873113064122,20.46252668682223,0.5000000000000001,,34.803527596437995,3.3780076140477036,23.74099684274399,0.6027917093921401,4.069301467026031e-12,0.03690880693864947,1.9945700917917346e-12,0.019122620081123837,0.1173599484625558,0.1367858795079148,0.15249987091356335,0.1255068930810087,0.9890172435631828,0.9972340751886345,0.9970030223764927,0.9944181137094367,0.013578550648002305,0.009504985453601613,0.0027157101296004607,0.008599748743734793,1.150016562370519e-11,5.706706943268437e-12,0.10879314999262245
S039,0.09867210107960117,2.4441284696173928e-11,2.477020802106621e-10,2.4883214825810866e-11,3.561466280815553e-11,0.3585639569139438,0.05862880990038257,1.4522478172600225e-11,0.055004336341570245,1.362468853241387e-11,4.698475920364409,,42.46535956167455,25.94536782222949,22.463343636697715,0.5000000000000001,,99.99999980056194,33.757548721708055,24.677749893233283,0.5000000000000001,1.444495174879211e-11,0.11224580524737178,2.3070075759772836e-11,0.16485826597086323,0.10004534787725688,0.129251043283413,0.12299004926402676,0.1331032325013406,0.975839668471426,0.967705463967912,0.978161115354248,0.973902082597862,0.0027157101296004607,0.005431420259200921,0.0027157101296004607,0.0036209468394672807,4.794478781922606e-11,2.5677715363333945e-11,0.38148996964670945
S040,0.062195942527401384,1.872409806489181e-11,3.0105015382060684e-10,1.2224135036570595e-11,2.9608729749158893e-11,0.8846569626035432,0.0365712192029992,1.1009771166470041e-11,0.02700611682611449,8.130195624599046e-12,4.5085987247248696,,56.1051391262339,4.759946557426095,17.009653069050785,0.5000000000000001,,99.99999270342286,28.419611945829786,24.527723490884753,0.5000000000000001,5.436307332658049e-12,0.04913730629914651,3.732007810220294e-11,0.2890477412150287,0.13331396165243564,0.12886938523211008,0.12927790843004344,0.1281730355811211,0.9853973217183752,0.974034526456594,0.9849821604620804,0.9814713362123499,0.0027157101296004607,0.02579924623120438,0.0027157101296004607,0.010410222163468435,3.640434302087199e-11,1.6081461361015864e-11,0.3136103094675358
S041,0.14211301151516706,1.2610528085756708e-12,8.873591482797368e-12,1.8364038269464403e-12,1.3432747154485349e-12,-0.31269876713435707,0.15264796388963053,1.3545356722373857e-12,0.10557252793743802,9.368074847230372e-13,5.3371308362928715,8.440307836666245,99.9999999761544,99.99999999452561,22.33485314149363,0.5000000000238358,,74.40828044282262,31.252888671266263,18.733845718480843,0.5000000000000001,1.080087470649537e-12,0.010626056189345947,4.739492279012588e-13,0.0046939011384022995,0.12943581779614133,0.13099754871112199,0.13492972998459452,0.12821982327257359,0.9992767677382547,0.9996926478135489,0.9998950883037037,0.9996215012851691,0.010862840518401843,0.016294260777602765,0.017652115842402994,0.014936405712802534,1.375466817099518e-12,9.633193368209467e-13,0.013623431025587232
S042,0.30456062729650635,1.035929080312713e-11,3.4013887136638303e-11,6.929967765446443e-12,1.737130099980968e-11,0.9189643149485676,0.356841191450151,1.2137556011688976e-11,0.07014173813772243,2.385793164584129e-12,17.46065453400515,12.726110669475602,40.696731268500685,20.205940989720172,25.384828432834098,0.5000000000000001,12.884984538128595,67.51118103761902,29.274371562806312,25.61683340787563,0.5000000000000001,6.85329604547246e-12,0.062224926097290544,2.5960279955992095e-11,0.19165889966049784,0.1393279407525001,0.12785933453761456,0.12823208414484238,0.12737218069442435,0.9209379185560145,0.7624821448779308,0.9560483123844639,0.8798227919394698,0.0027157101296004607,0.0027157101296004607,0.0027157101296004607,0.0027157101296004607,2.398315217557417e-12,1.3914417384160865e-11,0.021053658286899937
S043,0.1082830858553904,2.7389258761337304e-11,2.5294124696367665e-10,5.329157199583064e-11,1.685318645016728e-11,-1.151238449008499,0.06101859229296734,1.543411882255135e-11,0.09469837793118101,2.395312579935044e-11,5.052555129663368,8.449762010805909,99.99999999999999,12.46269985043881,23.12630075614787,0.5000000000000001,9.53732844354664,62.79743674030957,23.800297893531603,23.146597098024152,0.674092997721195,2.4728417191032282e-11,0.17423633730064989,8.0299181774349e-12,0.0704182822522105,0.12924360382098862,0.12756712472091028,0.1170777403401036,0.13498530835441402,0.9667070417348708,0.9874856491049201,0.9780607616750857,0.9774178175049588,0.11405982544321934,0.0027157101296004607,0.013578550648002305,0.04345136207360737,3.468656039490276e-11,2.002138194804105e-11,0.2890031745336765
S044,0.2519358273245514,3.6817193148752513e-11,1.4613718715489992e-10,5.0162006728916085e-11,4.114816653210203e-11,-0.19807853167180411,0.06479848551429258,9.469468404956247e-12,0.08070825480807667,1.1794477337833251e-11,7.237143419646237,11.780807529836263,20.300026820229085,12.933785419002003,23.63486127226052,0.5000000000000001,11.720571278329201,10.11772696476332,62.76526248523365,15.390804929050114,0.5000000000000001,1.8912723627287287e-11,0.1522542263338577,1.4076784400425295e-11,0.12143224953966783,0.13253114775311473,0.13770660342613372,0.14286933296992074,0.13358575209502038,0.9549484669498145,0.9794268603182075,0.9924747877277577,0.9756167049985932,0.010862840518401843,0.0027157101296004607,0.06517704311041106,0.026251864586137787,1.5233588142428516e-11,1.5447629632613545e-11,0.13195236828080428
S045,0.12802374436839342,4.603470827270516e-12,3.5957945535664426e-11,6.052409272189805e-12,2.774542795793402e-12,-0.7799704442281161,0.11094005776849816,3.989176554963122e-12,0.2262479866646908,8.135412782042683e-12,7.605262673618519,10.006374781907438,49.0016219008512,27.04636775278668,24.820981062794285,0.500000000000002,11.345121526293452,99.99999999999179,84.98678797963116,25.401178110947225,1.0797179156202656,2.56215703880788e-12,0.024374935418564458,1.680247900378932e-12,0.016457108487007023,0.1577693610764485,0.13782117393773508,0.1380951185901055,0.137047867615689,0.9975994505147523,0.9971737365128581,0.9979331048479044,0.997568763958505,0.0027157101296004607,0.0027157101296004607,0.024441391166404147,0.009957603808535023,4.316933057373371e-12,3.522827533337473e-12,0.04170030089241127
S046,0.1217725964776668,5.173369182642183e-12,4.248385377568083e-11,3.0674401839447436e-12,4.08317901625169e-12,0.2860324581938407,0.09679377513843702,4.112172589377489e-12,0.1303412384050161,5.537398113339859e-12,4.101533493382753,,53.59230550225189,25.70055479235129,24.750206412139633,0.682286741569236,,79.49332225785372,28.057354112602226,28.811959586277432,0.5000000000000001,1.43393134635377e-12,0.013895465182911739,9.390075633304904e-13,0.009179602972762272,0.1332777845919016,0.132255606444411,0.13326715393884342,0.13097126985747956,0.9980913711970484,0.9990958883356815,0.9924218426121938,0.9965363673816411,0.0027157101296004607,0.0027157101296004607,0.05567205765680945,0.02036782597200346,9.079962454678511e-12,4.906091245687858e-12,0.08655324344716486
S047,0.11956325134758045,2.739736009004494e-12,2.291453250162837e-11,1.3450919276360648e-12,4.653502964962154e-12,1.2411579033871085,0.06801767073246522,1.558593126684131e-12,0.04422961442873334,1.0135009373617013e-12,5.249721351712104,,93.82212558417932,32.298568367251306,23.733006167152936,0.5000000000000128,,99.99999998630713,99.67623715281458,24.049871368465695,0.5000000000002128,5.465329531399574e-13,0.005404337184857756,1.0651651010033077e-11,0.10148775237617662,0.08419463877807776,0.14315994699491605,0.12985387179287974,0.15173979500763563,0.9996256099990917,0.9955246568340832,0.9993382087502432,0.9981628251944726,0.0027157101296004607,0.0312306664904053,0.006789275324001152,0.013578550648002305,4.278672285180611e-12,2.1807430402953535e-12,0.04187356793337567
S048,0.36977903811342017,4.282891269021348e-11,1.1582298690786475e-10,5.49185691308344e-11,2.6323438017856345e-11,-0.7353918051557571,0.08819207306954116,1.0214669324510917e-11,0.08168244732235137,9.460705026819055e-12,10.711237744222103,9.8651906410908,64.89564514173189,45.17658406443624,20.292736670665814,0.5000000000000001,9.25881232848995,20.8516298122998,79.16476169232607,13.323128906059292,0.5000000000000211,3.626112730163789e-11,0.23860756054766988,2.4254639876825462e-11,0.1799523758270254,0.1696410946658472,0.1251788600623401,0.11444918153949926,0.1330792986758082,0.9030245622981586,0.9391803461576189,0.9448048194685783,0.929003242641452,0.017652115842402994,0.02579924623120438,0.016294260777602765,0.01991520761707005,1.549700374023028e-11,3.891446260441524e-11,0.11155788569229742
S049,0.0508667543664551,1.6592480583444062e-11,3.261949929792698e-10,2.96565576474453e-11,1.0124732441558869e-11,-1.074702082419087,0.06603405433500174,2.1539977890198612e-11,0.08155328794944872,2.6602274190106792e-11,5.76307578269612,,67.94287838785186,36.539368409222924,22.385389980328853,0.5000000000009137,,39.424058991296626,69.58989681962628,21.430221936941212,0.5000000000018363,1.3625050944378322e-11,0.10348846007695249,4.387472011533801e-12,0.03986554924310556,0.13553669218354675,0.1472991998424737,0.16661745941080675,0.13276181042344837,0.9798290673716552,0.9920240797953626,0.9441634434529645,0.9720055302066607,0.008147130388801382,0.008147130388801382,0.0027157101296004607,0.006336656969067742,3.2638036692451386e-11,1.4825464579764207e-11,0.2842404061842848
S050,0.1203546165384532,1.9163616641317865e-12,1.592262697725027e-11,1.9911393253657156e-12,2.2676472525907434e-12,0.13003584118597544,0.07480633386792523,1.191113349714617e-12,0.04344764038417835,6.918005708789866e-13,4.552929594085484,12.075491388220428,82.88415571122127,4.562096915815683,18.968138273158523,0.5000000000000001,,99.99999999999915,46.37022291166811,24.845299893867075,0.5000000000000001,6.316671759751209e-13,0.006228357915778092,2.205987172973634e-12,0.021757772571485482,0.12590904866980962,0.13034061848423023,0.13653186639418058,0.1253289308292261,0.9993718425880905,0.9990343222348579,0.9994380123460448,0.9992813923896643,0.0027157101296004607,0.0027157101296004607,0.006789275324001152,0.004073565194400691,2.6084007423568084e-12,1.2817102895960597e-12,0.025753916821690467
S051,0.05757517560067834,1.3136633804295437e-12,2.28164893415291e-11,2.3201491887657147e-12,7.71322876036217e-13,-1.101279706530974,0.04828231458063467,1.1016329160134061e-12,0.054918219450089435,1.2530409687387218e-12,1.4311001733979865,,20.937520723601345,3.8051855038380795,26.439785722633868,0.67391527147879,8.732219134031386,1.4724185423710128,2.5788951261364748,15.224292206279657,0.5250683566339337,1.2812223797429745e-12,0.012443143998469271,2.282032349306331e-12,0.022528173028244843,0.14446534623126073,0.11349995167789902,0.12641538906018643,0.10748674617964817,0.9978908330952743,0.9994295051532949,0.9996774603555302,0.9989992662013664,0.013780019469266543,0.015158021416193197,0.0027560038938533086,0.01056468159310435,3.2668829191506137e-12,1.6192478075533272e-12,0.03214826904975169
S052,0.17646764225332426,5.767301449635789e-11,3.268192046991066e-10,5.276199940628865e-11,2.8960283357761164e-11,-0.5998658714609704,0.05619301559169247,1.836495666532143e-11,0.03373880547092666,1.1026489571506118e-11,10.46882851402087,11.403657200480884,99.9999999999464,12.185547665891571,13.000000000000002,0.5000000000000682,12.393574492707025,21.75700957584079,96.02702400112311,14.138280056893656,0.5000000000000001,3.762078518929925e-11,0.23710165914349335,1.4166591555295377e-11,0.11974011229106743,0.12873316282465702,0.1295466506363409,0.11931868773280113,0.13590177270140044,0.9257494608658222,0.9457355455176198,0.9473650649600834,0.9396166904478419,0.016294260777602765,0.0027157101296004607,0.0027157101296004607,0.007241893678934563,3.0576816557599695e-11,3.554463846621671e-11,0.2255848472030909
S053,0.10339205323080862,8.610255758204566e-12,8.327773256406222e-11,8.837713340567424e-12,1.013909168164879e-11,0.13737024509734397,0.07423366018384639,6.182010900041834e-12,0.06507323185241379,5.419151199284531e-12,1.631247425047242,,7.765037936688675,7.228010161562159,13.52425518233073,0.5000000000000001,,3.3970450090795605,29.083120723094495,29.999999999999996,0.5951517621639393,3.694737997500875e-12,0.03379318880210517,3.536929562675072e-12,0.032664111950236385,0.14544104131274657,0.12898883099138725,0.12749065109747998,0.12942380279617818,0.99244554322998,0.9964043765427715,0.9947552266273146,0.9945350488000221,0.0027157101296004607,0.0027157101296004607,0.0027157101296004607,0.0027157101296004607,1.5258633573003846e-11,7.582701423020548e-12,0.14183166411676296
S054,0.43954288241704226,8.984507667992529e-11,2.0440571392230956e-10,8.147724402271369e-11,1.304280111537974e-10,0.470497669071964,0.05653599135516988,1.1556279675259021e-11,0.03588045042442043,7.334169084857693e-12,8.268781913008915,10.191488927633783,36.92076206690391,22.48065198142964,19.42893643989225,0.5000000000000001,10.22495736424663,27.613102802885255,14.510652862162006,20.289964106729972,0.5000000000000001,1.1094733183817894e-11,0.09457544467968658,1.3669694214340645e-11,0.10245697780854116,0.14546716277688315,0.138061015948487,0.1395070010220028,0.1361624225694432,0.9689417487162287,0.9210372555416648,0.9746078833422827,0.9548622958667253,0.023083536101603915,0.016294260777602765,0.05567205765680945,0.031683284845338715,1.2618985640957656e-11,2.029406343331842e-11,0.10490115040425607
S055,0.1873676957727328,1.740512697688412e-12,9.289289119505225e-12,1.577454279195984e-12,1.7191052902043116e-12,0.0859916434347916,0.07321182882584636,6.800858449310136e-13,0.07330279175820026,6.80930825908807e-13,5.533060487431058,11.47148481234514,33.462519374746634,16.026064784491325,22.930798913351985,0.5000000000000001,11.540053975386224,27.675733826382245,33.27624321851233,22.839065908829017,0.5000000000000001,5.630475427482695e-13,0.005560227773560503,7.542942959537284e-13,0.007428170334209038,0.14903728532139596,0.13234785763716517,0.13917999048418844,0.12663555211388378,0.9994469335935339,0.9988339744435281,0.9995870995103109,0.9992893358491243,0.013578550648002305,0.0027157101296004607,0.008147130388801382,0.008147130388801382,1.42042678028619e-12,1.2721790265622849e-12,0.014025834083353058
S056,0.16543389674654982,1.1535142470232211e-11,6.972659592190124e-11,1.179347399004908e-11,1.5527243901373862e-11,0.2750498252941149,0.07571423834638853,5.279296102713153e-12,0.06998590188283736,4.879878700814428e-12,4.63483443911224,,21.415444509550795,28.68704324588249,13.000000001568049,0.5000000000083566,9.320764919521498,46.958467397475445,18.511775983681492,24.53671368431032,0.5000000000000001,3.4823683594505164e-12,0.03248668853759016,9.744945144243608e-12,0.08512452297619932,0.17054386650046566,0.1288492512559756,0.142805824040068,0.12039083039452446,0.9874570922481094,0.976245417684325,0.9892904752587101,0.9843309950637149,0.0027157101296004607,0.0027157101296004607,0.0027157101296004607,0.0027157101296004607,1.1061544919016865e-11,8.79365959064605e-12,0.10167453655514243
S057,0.054821251567845106,1.7030547246591152e-11,3.1065593651240646e-10,2.085915372758922e-11,2.2898051136111823e-11,0.0932589241096835,0.03983769533971449,1.2375816554254935e-11,0.036929612920126864,1.1472403486742676e-11,3.614030683440035,,32.93754673431569,36.465083992984304,21.937658865999733,0.5000000000000001,,96.40498710447024,22.697912035040428,22.74721185478943,0.5000000000000717,1.0939284389854769e-11,0.08886573534212483,7.714337285054523e-12,0.06540404139215708,0.13334621347477793,0.1256922312655596,0.14304859084077312,0.11321984868417781,0.9796404497228149,0.9840627546630506,0.9962708911480022,0.9866580318446226,0.0027157101296004607,0.0027157101296004607,0.0027157101296004607,0.0027157101296004607,2.8762180748135018e-11,1.5050423616186265e-11,0.24999630461237615
S058,0.08322522173948371,2.54404914207481e-12,3.0568247087864017e-11,2.9169446809003703e-12,2.930481336696678e-12,0.004629961948097616,0.06433504137225282,1.9666094410749784e-12,0.057578063239796404,1.7600604639547566e-12,2.963396501671731,12.770692277995973,2.3135819079444173e-10,11.818552417790382,20.813801125596893,1.3028474640039085,,1.7577236930038698,99.99583896214287,29.170144400930138,0.5881100534167713,1.0509769620713454e-12,0.010245808111605324,1.1596133387095493e-12,0.011276490344741213,0.1165522966708635,0.11835804076347102,0.11815747278118438,0.12021443923921353,0.9993604779078914,0.9996248060313945,0.9996337781451793,0.9995396873614885,0.009504985453601613,0.0027157101296004607,0.005431420259200921,0.005884038614134331,3.713143613313852e-12,2.1397021271318e-12,0.036353577854497325
S059,0.1437819934980469,8.670550676382735e-12,6.030345292507377e-11,1.4714719014762816e-11,5.671626890237807e-12,-0.9533722802675229,0.0630932880315137,3.8047431246965075e-12,0.06420872311893137,3.872007711981574e-12,5.0427463507657535,11.371384245064721,16.501728254492743,34.1102091459367,20.388966446238,0.5000000000000001,,90.41020553839931,5.59118470756005,13.000000000000089,0.6676575881178509,9.708044146429872e-12,0.08941635667343309,1.680364954321226e-11,0.1574153132483884,0.11122987507796515,0.12292897283184974,0.13484591904588886,0.11564945333928116,0.99132733975942,0.99525954943653,0.9971406114115345,0.9945758335358282,0.0027157101296004607,0.0027157101296004607,0.0027157101296004607,0.0027157101296004607,6.772559569555741e-12,5.520296767144352e-12,0.0641825295895538
S060,0.44042491909474013,7.28330086845134e-11,1.6536986334518968e-10,5.958564116052416e-11,8.457721010651182e-11,0.35025022131802785,0.09573380514900882,1.5831486275006606e-11,0.11748752931781072,1.9428896668050324e-11,13.097920138579305,10.824803433658643,35.310130571375815,22.165616692061683,21.893175148138333,0.5000000000000001,11.24031489654521,30.375622857248175,24.850396160250703,22.662297644999974,0.5000000000000001,5.187226267174052e-11,0.30886869172181797,5.14366108398311e-11,0.3375711455383925,0.13072606318175278,0.15119803409507815,0.14349502085014726,0.15881562812628336,0.8300508208119768,0.872702269672929,0.9852547637472951,0.8960026180774002,0.008147130388801382,0.023083536101603915,0.0027157101296004607,0.011315458873335252,1.527635271125558e-11,4.7335198960699986e-11,0.10368433897001339
S061,0.22101246748788955,9.535913852861488e-12,4.3146497395600596e-11,7.58375800716413e-12,1.2087284553032147e-11,0.46614518056728826,0.08557517857827311,3.692269219655517e-12,0.08910338776639629,3.844499088202008e-12,5.839962429062972,10.762097565548343,42.85371779758395,37.92990317333292,21.230278581292367,0.5000000000009457,10.580515627545477,19.57816884516965,12.118837921050856,20.90957825886643,0.5000000000000001,3.4335447230684875e-12,0.03234474488230831,3.77738288993854e-12,0.035118204856583284,0.17249879927832762,0.13232251678635612,0.12857115331740543,0.13401295098003274,0.9918682545684427,0.9912312037610053,0.9935792855430665,0.9922262479575048,0.0027157101296004607,0.0027157101296004607,0.0027157101296004607,0.0027157101296004607,4.385771941238429e-12,6.403564862886365e-12,0.041218280110163756
S062,0.25816222425998353,2.888344908018885e-12,1.1188100491070155e-11,2.683339924825542e-12,3.4475418732349023e-12,0.25059921736645663,0.060878237118304805,6.811118345987913e-13,0.06172731693573712,6.906114249211635e-13,9.51261201348617,11.31142544786798,20.183346102322506,11.968757396786485,22.23393595707028,0.5000000000000001,11.185601955254311,19.88432623403486,84.41051153829649,15.677899055894061,0.5000000000000008,1.2423001531366654e-12,0.012134109788399877,2.2374396733842356e-12,0.021562235051165005,0.14369237878562455,0.11247581835287523,0.10885254165196459,0.11427257306064463,0.9967267527251823,0.990679413983997,0.997054163058144,0.9948201099224411,0.0027157101296004607,0.013578550648002305,0.0027157101296004607,0.006336656969067742,1.565337562664917e-12,2.5958476184006363e-12,0.015257318877924768
S063,0.07683400986195371,2.931149475239049e-12,3.814911496231152e-11,4.697745974957018e-12,3.312481629666464e-12,-0.3493851683485687,0.1049043828278052,4.002009360548279e-12,0.13186685674688345,5.030603877755521e-12,3.4901062391370132,9.565657911734938,1.0298224433664189e-09,99.9999999963757,26.966698400367946,0.6193069404435401,,35.44942968131709,12.887000381905793,22.340200219739298,0.5000000000000938,2.930814753218309e-12,0.02851984806373651,2.2264909037117063e-12,0.02148027242315851,0.11879997213765806,0.15473778337924188,0.1498370192788842,0.1570252126385133,0.998602438368109,0.9977181516817143,0.9999197874577214,0.9987467925025149,0.12763837609122164,0.0896184342768152,0.10319698492481752,0.10681793176428478,3.9603459175987016e-12,2.2338417107676716e-12,0.03873811109244056
S064,0.09411538009869087,2.57232286018466e-12,2.7331588710445434e-11,1.290633340858209e-12,2.6919702050099995e-12,0.7351402839489438,0.0631115268791054,1.7249382955479305e-12,0.07293908533089821,1.9935410811801937e-12,2.2014311498845345,,11.198071436634779,19.769929931543977,19.55077469647733,0.5000000000000064,,11.614629310595445,13.344578193135634,22.43135687982306,0.7451553413565881,1.1316907273203586e-12,0.011084992123718143,1.1034327853800194e-12,0.01072454089428558,0.12801290530404497,0.13925468574597832,0.1336264702487713,0.1422486596191786,0.9986176615756731,0.998330738301892,0.9990710785046956,0.9986731594607535,0.0027157101296004607,0.013578550648002305,0.0027157101296004607,0.006336656969067742,4.751582711349742e-12,2.1799411621791024e-12,0.04650210850883219
S065,0.09843063993179622,1.4486682567047642e-11,1.4717655576643248e-10,1.081685263346765e-11,2.3783990671312912e-11,0.787907346519777,0.05474090365725491,8.056577659816885e-12,0.04122009264199482,6.066631263422063e-12,6.342027309492664,,99.99999999994697,99.99999999971334,23.49440959682857,0.8917743119728451,9.622049143626189,99.99999999999999,22.830038960624364,27.348252996763073,0.5000000000000001,3.971988882349104e-12,0.03612531100566233,9.9866649683821e-12,0.08218186277893426,0.16288256037393448,0.1299036387222005,0.13652005584736843,0.12437709510220259,0.9886615866763376,0.9765494448077299,0.9943287713591621,0.9865132676144098,0.012220695583202074,0.008147130388801382,0.0027157101296004607,0.007694512033867972,1.9970897697927717e-11,1.1651830755393706e-11,0.17886762413846902
S066,0.23469609973027813,7.065006233355824e-12,3.010278501208671e-11,4.965979382518121e-12,2.337152541447497e-12,-0.7536772095873978,0.1102532450121993,3.318929731487157e-12,0.05737685388596912,1.7272030971992403e-12,6.045899426751525,,99.99999999591105,44.10867436160077,21.25981269408172,0.5000000000000001,,98.0111504166991,53.47195088126685,25.14121655350915,0.5000000000078215,5.962863068507065e-12,0.057256854672468924,1.6301965097479542e-12,0.015975658712248465,0.11921564891124227,0.12908388068073393,0.14912798742014077,0.11424073955252262,0.9933684614288073,0.9993586648145084,0.9932717613062428,0.9953329625165196,0.006789275324001152,0.0027157101296004607,0.0027157101296004607,0.004073565194400691,4.860047091591616e-12,3.6333216479128967e-12,0.04689656776710576
S067,0.09214000628086036,6.022586073872403e-13,6.536342156863337e-12,8.312263154710091e-13,7.201974312492115e-13,-0.14337671440794608,0.12188700460453679,7.966951665704295e-13,0.24791470849883576,1.6204553604674257e-12,5.478644408759557,12.833176979502907,7.985267191551641,99.99999999999999,27.61460990960238,1.9999999999999998,11.984746298669432,11.243332865123724,99.99999999999999,28.43775273519084,1.9999999999999998,5.386116198611088e-13,0.005314625018147056,4.500141769510419e-13,0.004442177430420574,0.12294802247335931,0.14783797778234167,0.150908432701438,0.14558636474034078,0.9985370134067014,0.9989084184983502,0.9999826260720865,0.9991426859923793,0.012220695583202074,0.0027157101296004607,0.0027157101296004607,0.005884038614134331,5.773325447297774e-13,8.974120989958627e-13,0.005721975744663555
S068,0.0821464835069344,1.632479989690356e-11,1.987279211474159e-10,2.019377140604334e-11,1.85276675088055e-11,-0.08610905473013375,0.06724346861338727,1.3363154728279961e-11,0.05461192049945414,1.0852913430724467e-11,2.822439899244735,,35.882845008512135,10.439062372774389,20.36477903807796,0.5000000000000001,,57.60985055764863,5.893959318916965,20.770474621004418,0.5000000000000001,4.614359406352261e-11,0.35238012254009177,8.722567806301624e-12,0.07277786806930078,0.11647570474329497,0.13276906137026898,0.12605507293319193,0.13832475457614926,0.9779025949243162,0.980259026823157,0.9863399196132668,0.9815005137869134,0.0027157101296004607,0.014936405712802534,0.006789275324001152,0.008147130388801382,3.1407380418270137e-11,1.869368407502662e-11,0.2646086913808947
S069,0.060432307277763594,9.038647589080865e-12,1.4956648184119037e-10,7.900704291942485e-12,1.6118471081961606e-11,0.7130139801700892,0.06382657490325694,9.546316256253356e-12,0.04230994613268916,6.328149789956596e-12,2.9993099236628282,,8.7741277438666,49.942842612029175,29.531335920774993,0.5760354170167029,,7.090327065577548,3.1002119358403,21.407659082703972,0.7978917998926787,2.5357202951127078e-12,0.023877013097602647,8.613755244643268e-12,0.07902747393401949,0.09611463653894912,0.13427569532271605,0.12718215666669874,0.13885532135470005,0.9964607394721815,0.9969636883196594,0.998614631126736,0.9973463529728589,0.0027560038938533086,0.0027560038938533086,0.0027560038938533086,0.0027560038938533086,1.0975717062832258e-11,5.4399904388957614e-12,0.10409444288780423
S070,0.12755995462590114,4.2663961136702225e-12,3.3446202816412165e-11,3.4724984804621344e-12,4.468179541318454e-12,0.25210670616763053,0.09257178391817178,3.096174660004255e-12,0.056487491247541405,1.889292088855577e-12,4.105968876694121,,25.179236525391985,6.949294250778326,13.52263955005288,0.5000000000000001,,82.0110002359528,18.04372452851157,25.34434088126567,0.5000000002736302,1.0318961230847954e-12,0.010024861152748634,2.859788907144145e-12,0.027352172383280686,0.1264894665003493,0.1435151059751593,0.14411465779394128,0.14203697137226207,0.9977478190318013,0.9951025716807937,0.9964325089382297,0.9964276332169416,0.023083536101603915,0.0027157101296004607,0.0027157101296004607,0.009504985453601613,6.790043819484401e-12,3.2284040039020183e-12,0.06577689430544464
S071,0.10224894334446372,1.4959765916903633e-11,1.4630729108374333e-10,1.1854660130593952e-11,1.2414759345092155e-11,0.046164984326587444,0.056594128446203734,8.280133624209488e-12,0.04879893372958987,7.139639801751406e-12,4.9336413758482465,,90.90623633926896,4.044668762705432,13.000000000000002,0.8064881785259228,12.133029524409174,11.603582244065256,6.4759600970956415,24.213589570512543,0.5000000000000001,4.433578911500292e-12,0.04043309851522206,8.034799008215821e-12,0.07155651346945109,0.11274877943974371,0.12450120916849602,0.1407189700798898,0.113903905792318,0.9910829155516249,0.9828861993086699,0.9791473885989832,0.9843721678197594,0.0027157101296004607,0.0448092171384076,0.016294260777602765,0.021273062681870274,2.13737071681275e-11,1.3496117926152559e-11,0.1883210418001656
S072,0.38289700322496234,7.101610629144758e-12,1.8547051999183105e-11,7.909465252578616e-12,9.478768372174845e-12,0.18099421375788083,0.058096992263066645,1.0775279364992356e-12,0.059047312413195524,1.0951535737395475e-12,13.518541936297773,10.799345058631037,33.46940022082079,18.16931426622045,21.367378376214457,0.5000000000000001,10.132038443423573,36.39477749206338,23.671998374720676,20.201477509770463,0.5000000000000001,4.780744942617381e-12,0.045273074147366484,7.123531124005168e-12,0.06549920695144273,0.13617206045444008,0.1339791773660446,0.13103178277562205,0.13599631454014224,0.9763266018460609,0.9591176655892654,0.9939989695891603,0.9764810790081623,0.013578550648002305,0.008147130388801382,0.0027157101296004607,0.008147130388801384,1.8259932533918612e-12,5.9097120779982565e-12,0.017241036894209385
S073,0.08025780948926514,2.08193749030811e-12,2.5940621897817665e-11,2.9472212078537414e-12,2.702964962248598e-12,-0.08651345831780333,0.07295299223923639,1.892445987992458e-12,0.10232265050250515,2.6543131882680288e-12,2.7448633298928797,9.09089992208964,12.706410718881536,75.20564984752217,22.85574942744658,0.5000000000000001,12.67375739183957,2.269945004700016e-11,5.281088286820245,28.906269964257135,1.1644365382055992,2.672772399576047e-12,0.02592536513181915,3.1404009018621184e-12,0.030507236502127454,0.17693529585269452,0.15399655310798877,0.13663216913500809,0.16598386061639117,0.9979982421350263,0.9991386579634715,0.9999108224126364,0.9990159075037114,0.024441391166404147,0.005431420259200921,0.0027157101296004607,0.010862840518401843,3.413218529227472e-12,2.2020081304602882e-12,0.033396785363263286
S074,0.14882375574646867,3.5045238682901358e-12,2.3548148282592258e-11,3.3844858956152286e-12,4.073975367720204e-12,0.18541725396018194,0.2239841084843784,5.274410999534373e-12,0.0996508806029803,2.3465937129298768e-12,6.842064880860917,,52.60786180710074,44.56750757932229,18.23175737589999,0.8479010168167519,,15.109218255990504,70.37398040242554,16.39170473016665,0.5000000000000001,1.7962577351651288e-12,0.017422667921439358,1.380924203953342e-12,0.013476121036003092,0.15318076248367216,0.1434060874188533,0.14303621131478625,0.1430437043172382,0.9966456942371131,0.9959830345344728,0.9904582745840664,0.9943623344518842,0.0027157101296004607,0.010862840518401843,0.008147130388801382,0.0072418936789345615,2.6262010174031834e-12,2.4003924388782507e-12,0.025646396023049776
S075,0.12966821247282445,4.583381563603095e-11,3.53469942725066e-10,4.2764286710653064e-11,3.4170414679516294e-11,-0.22434312978406368,0.07028179578567532,2.484250233097744e-11,0.051629892875565554,1.824961527762745e-11,5.3227891861386425,10.134195163435441,34.16018905805542,19.60774050831414,20.642159326100906,0.5000000000000001,11.386355941886157,24.347198741859202,9.092025124197846,22.832191664430994,0.5000000000000001,2.3765898286507605e-11,0.1652568443148717,2.2450531902960677e-11,0.152880342255748,0.16046141738572423,0.14412973559206751,0.11842191018761546,0.1610015527369593,0.9466349036152987,0.9508094348155645,0.9417400967887987,0.9463948117398872,0.008147130388801382,0.0027157101296004607,0.0027157101296004607,0.004526183549334101,6.9649101407091e-11,5.342389446497968e-11,0.4539651509301832
S076,0.10400030755677439,1.570549581183195e-12,1.51013936216085e-11,3.5395282293479086e-12,2.4191919620629448e-14,-4.98573005126935,0.15053262655921792,2.273252446565348e-12,0.17078735800300257,2.57912711879791e-12,3.916076108487843,,81.7254787563049,59.61208231827413,23.831304471858456,0.5000000000005914,,12.26066026212695,8.770028591772805,29.521238397960794,0.5908620107704526,1.624596557899146e-12,0.015725974351721916,2.989920076796226e-14,0.00029891374793650417,0.14451163372404127,0.10526756056239306,0.1064308650410093,0.1036834085265037,0.9984371206550149,0.9999999397298515,0.997615578316331,0.9986842129003991,0.0027157101296004607,0.0027157101296004607,0.0027157101296004607,0.0027157101296004607,5.164175932997838e-12,2.17894145434986e-12,0.05054051118062344
S077,0.07755672470280249,3.523143790849444e-11,4.542667066395773e-10,3.201093826679271e-11,4.478381817837553e-11,0.3357692075668979,0.03993670948515827,1.8141917491844416e-11,0.030602832793604318,1.3901848066992289e-11,3.664906870034713,,65.07349975099113,4.86287773394885,21.61374937907873,0.5000000000000001,8.3101952074705,99.99999999999999,7.606614158473862,25.950594511115575,0.5000000000000001,1.1780607973659756e-11,0.08911783745888922,2.2043561662621253e-11,0.148082254000167,0.11656750923223903,0.1199693306046761,0.11883246837528841,0.12304112330365184,0.9702757603982175,0.9619968943320917,0.9814941011925711,0.9712555853076269,0.0027157101296004607,0.0027157101296004607,0.0027157101296004607,0.0027157101296004607,7.076721670797457e-11,3.09267882701366e-11,0.5405098348701801
S078,0.1434695669107179,3.923030260292267e-12,2.7343989005930405e-11,3.41238901621896e-12,4.281664929312717e-12,0.22692929886536106,0.07553080876527318,2.065313604486662e-12,0.05667165696024046,1.5496291648686743e-12,4.832348475822712,,82.40426088803966,16.8000183563014,21.02810969975713,0.8763498266430273,,61.66078827776303,25.106054916062288,23.198714293926585,0.5000000000000003,1.289911328870895e-12,0.01253971521741706,1.471423377246303e-12,0.014182026237578358,0.13416243052231772,0.13746932645371365,0.11785209669445061,0.15138641355704086,0.9975082943061665,0.996373222631135,0.9979146944155763,0.9972654037842926,0.0027157101296004607,0.017652115842402994,0.0027157101296004607,0.007694512033867972,5.153678565788299e-12,2.9854453637078494e-12,0.05004278563429371
S079,0.09849497559196066,3.798729211467497e-11,3.8567746107219266e-10,5.484608480065439e-11,4.431845953560726e-11,-0.2131295199934975,0.052197652701299134,2.0131458167765128e-11,0.03801927561890875,1.4663177692504642e-11,4.381634146032148,,80.30414676097251,17.14306501748803,21.536305310022314,0.5000000000000001,,71.23489239720165,27.019023963803857,21.371532879053678,0.5000000000012499,3.21104074361027e-11,0.20935667648671932,9.589450095483927e-12,0.07911470325954313,0.13973272642750756,0.12886750758605567,0.12413871183859332,0.1343199872716778,0.9695661570500912,0.9768361484982121,0.9937267487649429,0.9800430181044154,0.05567205765680945,0.010862840518401843,0.013578550648002305,0.0267044829410712,5.95571032732306e-11,2.5435483342993596e-11,0.4748026769297515
S080,0.09325965431163977,6.308346070526149e-12,6.764282065046001e-11,6.568857900829556e-12,5.781044323890163e-12,-0.12775563665764977,0.0577144761098901,3.903969956436555e-12,0.052293325327995244,3.5372680263777404e-12,3.4652799424287153,,99.99999989125723,53.43861961758395,26.139286742791395,0.5000000000000006,,41.38250917954372,6.5258286527968625,23.441944461758563,0.5000000000000001,5.9364119015425004e-12,0.05485497847610984,2.5025422015457687e-12,0.0236991682763332,0.11677619941525509,0.12923090165867127,0.14014653593939333,0.12091745763198787,0.9920399164531729,0.9954718081804719,0.9945313776624207,0.9940143674320218,0.021725681036803685,0.005431420259200921,0.024441391166404147,0.017199497487469583,1.2920149910844842e-11,6.095686912475918e-12,0.12177827663723384
S081,0.3254315203890519,1.3481159072167337e-11,4.14254865541318e-11,7.849698572378201e-12,2.7669489694704163e-11,1.2598552184471146,0.12487580061178295,5.1730407991798585e-12,0.18281933593729302,7.573379942705636e-12,8.626937358114255,11.151847828026398,48.49369755636083,74.9383170163819,22.500434368759745,0.5000000000002042,10.86787342080528,39.07270706209982,67.48250236182523,22.260587317357587,0.5000000000000001,2.167178914129806e-12,0.020733581504138142,6.8577243020312075e-12,0.06098908452206071,0.20783928290381898,0.20756959261289526,0.18126161757091172,0.22685168153546514,0.9949678510428477,0.9807701050054669,0.993271277772022,0.9896697446067789,0.009504985453601613,0.012220695583202074,0.019009970907203227,0.013578550648002305,4.988357662320647e-12,6.179507347434476e-12,0.046980418227012766
S082,0.0953759172537373,1.1218589613760802e-11,1.1762497218155144e-10,6.678078122637792e-12,1.5507626038892416e-11,0.8425016654795989,0.051063115491302755,6.0062975391678346e-12,0.031048090499098555,3.652030781246759e-12,5.356759284599114,12.110056839448259,99.99999999999999,4.819809095470899,25.151293182721382,0.5000000000000001,,99.99999999978091,51.81567936236831,20.541697430592887,0.5000000000000001,2.0192876592481323e-12,0.019232240558822247,7.515209941157854e-12,0.06589556542916084,0.14473588730461306,0.1272363384140869,0.14237519857530723,0.11812885613948347,0.9945328649769741,0.9776968752630592,0.9865468061831312,0.9862588488077214,0.0027157101296004607,0.0027157101296004607,0.0027157101296004607,0.0027157101296004607,1.700968489010636e-11,9.454523422480523e-12,0.15540412911443727
S083,0.06593287901755077,2.5223757799667935e-11,3.825672134376778e-10,6.104193450762405e-11,7.414036469471273e-12,-2.1081860552146523,0.06488755244094815,2.4823850124124727e-11,0.03990417151988222,1.5266027702900487e-11,8.222565725462069,,47.02496726370434,57.77907168701492,20.53844874196025,0.5000000000005685,12.098998290380896,37.82953565488625,83.12431069091551,21.012297469285215,0.500000000000001,1.3486630794060045e-11,0.10753680631420642,5.626270409556838e-12,0.05356216435767424,0.11938926207554762,0.12161054267446963,0.1401659505132333,0.1088338682164176,0.982912554703863,0.9874972562607484,0.9929077587897944,0.9877725232514686,0.013578550648002305,0.0027157101296004607,0.0027157101296004607,0.006336656969067742,1.4689686387923693e-11,1.1580846927975734e-11,0.1316506084364616
S084,0.1938559960866323,4.649950470803853e-11,2.3986621846485663e-10,6.90104733753298e-11,4.09941200006686e-11,-0.5208296393252674,0.04093543336641168,9.819027602821286e-12,0.04228109120186007,1.0141805459157894e-11,6.529541117398836,10.568586853948704,10.805103591430846,25.133190747606278,13.000000000000002,0.5000000000000001,10.82121272854338,17.329100334136832,66.8015592662424,16.573061951795896,0.500000000000075,1.1944451363948978e-11,0.10418272947032621,2.8280711457856222e-11,0.22230561679220245,0.14540395452160587,0.1320224011124373,0.12245393044384997,0.13784792919541689,0.9812916845712,0.9524847357673751,0.9815495552804103,0.9717753252063285,0.0027157101296004607,0.08282915895281406,0.016294260777602765,0.03394637662000576,2.2471169584073717e-11,1.8290353750153757e-11,0.1899662049496957
S085,0.20125452972418034,2.7273307924524445e-11,1.3551649228418638e-10,1.3256683972446182e-11,4.293449914998519e-11,1.1751738027576586,0.07866720495002502,1.0660703672628575e-11,0.0700157084444066,9.48828321317827e-12,7.266431227448159,11.89368453713477,21.80880193482357,7.998443974141624,24.058344221506832,0.5000000000000001,,90.62591001665642,8.026049847581232,13.000000000000002,0.5000000000000001,5.760767600738235e-12,0.05283061073802716,2.09008048206383e-11,0.14674662655536783,0.15995096047344468,0.13389427740487128,0.13637318785189276,0.13260883093380643,0.9699745614964862,0.9453250557505204,0.9742114245857202,0.9631703472775756,0.024441391166404147,0.0027157101296004607,0.0027157101296004607,0.009957603808535024,2.37974197836763e-11,2.3031816314100255e-11,0.1934249245164477
S086,0.10801315400573111,1.5143301269363057e-11,1.4019867680708188e-10,3.573734004078684e-11,6.439151373700602e-12,-1.7137993245266365,0.07832596749446415,1.0981197002358379e-11,0.07647783158954818,1.0722090793929504e-11,4.007171860927691,,99.99996553023148,33.72456559501001,26.483859019710092,0.5000000000000002,,79.9917470915362,12.58171440331112,22.622421521030294,0.5000000000000154,1.515424928687972e-11,0.11085961155876015,2.3706295333263545e-12,0.022307055385652797,0.1290005104482838,0.12637596537726958,0.1363194830045149,0.11917417315759014,0.9817411644224594,0.9949284161560358,0.997651467258379,0.9914403492789581,0.038019941814406454,0.0027157101296004607,0.05159849246240876,0.03077804813547189,2.5492926772649635e-11,1.4269577757543811e-11,0.22309460901956166
S087,0.11898075437355338,1.5995559234056436e-11,1.3443820656773271e-10,1.829467738238159e-11,9.927010124846696e-12,-0.6113508265823171,0.0831742644405658,1.118179894398001e-11,0.09969968410423015,1.3403446726342191e-11,3.502710346259498,,99.99999608492328,36.08955794161517,25.986605501532168,0.5000000000021987,,21.0790764100515,5.201403040856793,29.999999999999996,0.5401366432477078,1.4162986773125065e-11,0.11973462854037806,2.2870216672139798e-12,0.021411058598245568,0.11752626488659715,0.13338443642385472,0.13639391035570028,0.13035134183651034,0.9814403322365726,0.9957573117582171,0.9886942891303737,0.9886306443750544,0.0027157101296004607,0.0027157101296004607,0.0027157101296004607,0.0027157101296004607,2.609452183305965e-11,1.0984464815708998e-11,0.2351186886956648
S088,0.11053734760428502,1.1919025797555285e-11,1.0782804233935897e-10,1.4668849828504807e-11,1.1506345041424956e-11,-0.242827560168557,0.07570904427488574,8.163558031544783e-12,0.06259116823015853,6.749083137991475e-12,3.252666374040423,,66.09262356045987,23.122613316917334,22.215368861170575,0.5000000000009602,8.608372704413876,53.390931408969436,3.30606421743008,26.829843401780764,0.5461846469261565,7.701514889317304e-12,0.06790147081663468,6.457626697741441e-12,0.058293432895587485,0.1261671294253023,0.1359774872604706,0.14054099638892642,0.1330952891786167,0.9854187773288576,0.9911879056519184,0.9900727500201563,0.9888931443336441,0.0027157101296004607,0.017652115842402994,0.0027157101296004607,0.007694512033867972,1.854960105880563e-11,1.0179086091794932e-11,0.16835863970909287
S089,0.08277977505930656,2.355659411654032e-13,2.8456943860578848e-12,1.8682818438620365e-13,2.7059882791197576e-13,0.37044798986067917,0.07419349703149979,2.1113201798454126e-13,0.08341864909345162,2.3738398141776794e-13,2.356294541713069,9.09658128337433,7.862280409453207,19.19502189262305,21.64032842315517,0.5308075104061987,,22.65101083178077,25.30864459552816,21.093514035694316,0.5000000004360255,5.959412854319278e-14,0.0005951115117467399,2.434689785644246e-13,0.0024274588530063756,0.11403298778243602,0.12507001460218875,0.131623290990807,0.11966161984130062,0.9999952463466909,0.9999709783423113,0.9999939707067864,0.9999867317985962,0.013578550648002305,0.0027157101296004607,0.008147130388801382,0.008147130388801382,3.1062031685343063e-13,1.928614800150646e-13,0.0031002240305851372
S090,0.07297328749039139,1.0001858290977837e-11,1.3706191176181847e-10,1.1538025511640498e-11,1.232066455406427e-11,0.0656297507977115,0.053392275344456466,7.318047332024608e-12,0.07313538961079777,1.0024076317501378e-11,2.217511073989641,12.975,3.3547986727375017e-10,13.49578366002172,22.71996825432232,1.0554500489123306,,50.42078842893847,2.2223254561898917,18.883278823941872,0.5000000000000001,4.430678467436371e-12,0.039583269626088706,5.71912776486197e-12,0.052572146741557704,0.15526641233455996,0.11596080431475325,0.10763272165027617,0.12394313742992132,0.9969555968279926,0.9914176584742074,0.9951311475325877,0.9945014676115959,0.008147130388801382,0.017652115842402994,0.020367825972003456,0.015389024067735943,1.7734818024493883e-11,8.021332350329133e-12,0.1641788491089635
S091,0.12168175114761534,4.230214050378785e-12,3.4764572423411306e-11,5.090849979369285e-12,5.926110686551276e-12,0.15192332042494172,0.11223268982919694,3.9017214738413745e-12,0.20844356056300062,7.246451257386156e-12,5.005776150793714,8.012013461846152,2.2640399338406553e-17,18.421271528782928,25.21084010402896,1.645264007154766,12.922729602989207,10.44278819935987,98.52716029079038,28.568971612145123,0.5000000123532367,1.7202441591629972e-12,0.016656284115841673,3.5581219270748417e-12,0.03344629818130035,0.13677724321385526,0.12363166229993797,0.13197149530038094,0.11746596601208183,0.9957297361680737,0.9964075775691714,0.9994901592228106,0.9972091576533519,0.02579924623120438,0.07875559375841336,0.021725681036803685,0.042093507008807145,4.206050102824372e-12,3.358521335597533e-12,0.04069379136305207
S092,0.2161899568825418,4.310964724474295e-11,1.9940633629047284e-10,5.191894039072057e-11,4.0609308926018676e-11,-0.2456863394701223,0.05966240120643086,1.1897060838866665e-11,0.05439433441402333,1.0846574940459176e-11,7.891361832472519,9.683931292206923,41.98525861980859,63.13667230772975,22.727348321615995,0.5000000000082726,10.788320961762984,26.670505053820552,13.839225163721077,21.252063716796368,0.5000000000000001,1.8559286276566232e-11,0.13257892828015572,2.3517883171796637e-11,0.19147003837313023,0.11029929936460164,0.13766667497526086,0.14588934267073195,0.13344680918621615,0.9658684898079748,0.9225946980203924,0.9858209291375997,0.9580947056553223,0.0027157101296004607,0.028514956360804835,0.0027157101296004607,0.011315458873335252,2.2504831026398868e-11,2.3187862300289342e-11,0.18268708139069648
S093,0.13035793142616872,9.662676687870913e-12,7.412419468579553e-11,1.1654611225523008e-11,9.370163634369511e-12,-0.21817135530334753,0.04895475836329608,3.628732039717036e-12,0.03605127408952161,2.6722716592826758e-12,8.212397829363873,10.709333536796793,53.760440765595405,19.435261578036194,21.988631411353442,0.5000000000000001,10.729150928203687,21.135548490776678,74.32870418726137,16.484575867243255,0.5000000000000013,5.876481010100748e-12,0.05306602019137686,7.104042116583651e-12,0.06473035234683878,0.10623457771534969,0.12942400998630496,0.1303232177012143,0.12809723185981148,0.9755718974621068,0.9601490257525811,0.9886725744091789,0.9747978325412889,0.0027157101296004607,0.020367825972003456,0.02579924623120438,0.016294260777602765,8.718963479334961e-12,8.729061721937671e-12,0.08018981623912776
S094,0.19236725808097632,2.2307455113858128e-11,1.1596284802514512e-10,1.463720873713617e-11,3.9447730912936745e-11,0.9914096972643414,0.08069316829499766,9.357409611660272e-12,0.09271837896241801,1.0751887288756692e-11,3.7880279073975913,11.006694912533037,6.99692753959141,9.166937093349079,21.016397662412984,0.5964406367658335,,90.8709280376884,6.7483770927227145,13.000000000000002,0.5000000000569665,7.536655595138873e-12,0.06572465687085116,2.2115516755846906e-11,0.16664655431633535,0.1390497592090776,0.1269207504456671,0.1377537159881911,0.12001724008031071,0.9934353136029935,0.9598343506708865,0.9842714537447268,0.979180372672869,0.009504985453601613,0.0027157101296004607,0.016294260777602765,0.009504985453601613,1.7196925018099644e-11,1.789205105042773e-11,0.1458700978129878
S095,0.12360700805545385,1.9793083692482812e-10,1.6012913833820033e-09,1.802430083047687e-11,2.7507138261656104e-10,2.7253097435935594,0.0884585873909121,1.4164797377521147e-10,0.05915014323913864,9.471661469464396e-11,4.7434262334840795,,51.87073471643842,11.986623482385655,22.753818444404477,0.5000000000000001,,99.99999942306341,46.85703685155254,23.9909664317385,0.5000000000000001,7.1937352558881205e-12,0.06081471602916497,1.633617367814591e-10,0.35506672504338505,0.13121020421116594,0.12628759802156828,0.11980548216084601,0.13124987532120974,0.9819552194329048,0.9515128243023541,0.9537515009416998,0.9624065148923195,0.0027157101296004607,0.0027157101296004607,0.052956347527208986,0.019462589262136638,4.2735326291741977e-10,2.439996344637644e-10,1.2423073169353482
S096,0.0630243786288505,4.014272825025908e-11,6.369396910147885e-10,1.4410145204912931e-11,9.895394418827961e-11,1.9267220450338698,0.03798738574862286,2.4195673741187424e-11,0.02679859368516979,1.706908798146291e-11,3.5162562029830724,9.172013574204259,33.96799194877448,27.839091805962845,20.837889950343058,0.5000000000000001,10.366837069772608,51.84885047246252,11.96955270617943,24.621707023364312,0.5000000000189292,1.3612348386392477e-11,0.12017239267322373,2.8965699831177882e-11,0.1811954217636938,0.1301604358349967,0.11951449624485791,0.12223112536391001,0.11680322715275782,0.9835280914677109,0.9636259299114219,0.9897544140123942,0.9789694784638424,0.1344276514152228,0.009504985453601613,0.0027157101296004607,0.048882782332808294,5.225373838491273e-11,2.5135768824176476e-11,0.4175763562721421
S097,0.0997035687028627,2.65496317151168e-11,2.6628567122045755e-10,5.1014551504133435e-11,2.2004567013303208e-11,-0.8408608923097844,0.07506582977916074,1.998895486846443e-11,0.05672960195778067,1.5106280135397008e-11,2.5167968480642244,,68.29803623842078,3.0243725903073846e-09,13.000118275730696,0.5000000004275384,9.443890416590593,46.60233019211373,3.6808260344829917,23.835188877280014,0.5000000000000001,2.301448767527485e-11,0.15671513614967802,9.157127136591077e-12,0.07636495931877692,0.11400775101227865,0.13016479780417012,0.13022325908388266,0.13088031084000118,0.9720712132090354,0.9817434693690195,0.9944936933136418,0.9827694586305656,0.0027157101296004607,0.008147130388801382,0.0312306664904053,0.014031169002935715,4.032016125202177e-11,2.319479457120129e-11,0.32728786465663895
S098,0.4179236835523483,5.818671110121981e-12,1.3922807773570805e-11,8.88493301221333e-12,2.1911261670872634e-12,-1.3999412789503225,0.08771094398698548,1.221182612769235e-12,0.13951454565693552,1.942434200798581e-12,10.741530599476896,10.649606043057124,30.784950229304826,13.361684961333648,21.114209230302386,0.7237078220617025,10.598403389605828,22.68199572914576,24.20840821541098,21.469327551804675,0.5000000000000001,4.703221968832819e-12,0.04345946341718541,1.5518183799963708e-12,0.01512011218414492,0.14113795462531836,0.10779592123220388,0.10781998795156553,0.10816674309825286,0.9694152974521542,0.9950145941038889,0.9801942176217127,0.9815413697259187,0.016294260777602765,0.0027157101296004607,0.0027157101296004607,0.007241893678934563,1.3184711879358951e-12,5.5528167561130734e-12,0.012491103775869023
S099,0.03721373830345443,7.191579447152956e-12,1.9325065889672754e-10,1.5404638074026576e-11,2.7241975912897064e-12,-1.7324947148732441,0.01710188726789635,3.3049509828985252e-12,0.013460309703376623,2.6012137191315475e-12,2.861911719463933,9.223170119301605,4.457435461684948,22.660768493300733,22.372019679192796,0.7619096074623014,12.369471543467366,45.62800607864851,10.589335197782706,27.221690718871137,1.194495502948451,2.598548289412472e-12,0.024989973092320032,1.4609149989621456e-12,0.014229794076466757,0.15064259946780986,0.14784458377162446,0.14654353040756982,0.1508987635399098,0.9983712216004261,0.9992499059501492,0.9972177843580705,0.998279637302882,0.0719663184344122,0.010862840518401843,0.016294260777602765,0.03304113991013894,3.0894884561528706e-12,2.8542249463431213e-12,0.030037545446135943
S100,0.35256431670532884,1.83942577355138e-11,5.217277207008902e-11,1.7288248547522114e-11,1.4337896384898578e-11,-0.1871208671855804,0.08915593712181785,4.651512386151791e-12,0.12160260048105564,6.3443447580282135e-12,9.643793142234102,11.168352982700558,29.494644913294827,18.00203422571593,22.52158838758041,0.5000000000000001,11.102708914087414,18.85310373095309,11.150248909512312,22.002348926652203,0.5000000000000001,1.3639010292776655e-11,0.11544354967801253,7.36631321779953e-12,0.06448735401528394,0.1635731828229423,0.12666623010039238,0.11719244195179772,0.13301935785185406,0.9312134540382035,0.9726285324519864,0.9436443689791832,0.949162118489791,0.0027157101296004607,0.017652115842402994,0.0027157101296004607,0.007694512033867972,6.020969099653037e-12,1.757240999183824e-11,0.05121073132779201
S101,0.06791123619431037,1.4111408347003096e-11,2.0779195222756605e-10,2.5255693408078224e-11,1.3275017400752653e-11,-0.6431677338939785,0.06566370670678791,1.3644389807101782e-11,0.07944978751930053,1.650902645270077e-11,3.380842230745465,,97.60804308318573,7.960500680655625,26.919415614451168,0.5000000000039959,,3.1848071268134195,40.16991924403567,13.407112403347096,0.5000000000035212,1.4128164423255261e-11,0.10809314083695097,3.866000138810846e-12,0.035570762792886235,0.13020918299287146,0.14063466031529245,0.14288030794030854,0.13802411889000193,0.9710961477335139,0.9918878919755253,0.9972111713756645,0.9867317370282346,0.0027157101296004607,0.0583877677864099,0.06789275324001152,0.04299874371867396,2.827450109021213e-11,1.3162355417780287e-11,0.24985783466442044
S102,0.11314233974039692,1.8036976222643448e-12,1.5941844816033475e-11,1.8713858651621934e-12,2.4497394974687556e-12,0.2693024305906171,0.12389373276562943,1.9750946614287862e-12,0.12400701804721169,1.9769006378077113e-12,5.0136795334653925,10.08522260018149,17.649932266637073,49.550370636346685,24.364845456710324,0.5000000000000001,10.657294428712405,12.714022078856454,81.27544596403379,22.809621006135256,0.5000000000000001,9.30692063069606e-13,0.00914012994274469,8.223577086440025e-13,0.008077503952038918,0.10447253211744764,0.13170720952542006,0.14326277936400567,0.12554476135052192,0.9992978182243849,0.9995826733522,0.9997306666108927,0.9995370527291593,0.010862840518401843,0.0027157101296004607,0.012220695583202074,0.008599748743734792,1.890747454622185e-12,1.4735056347910885e-12,0.01863291745755875
S103,0.08705256235863597,1.661100260911698e-11,1.9081578024876026e-10,1.445444680858972e-11,1.8393716189752664e-11,0.24100699002454817,0.05416790703133849,1.033609144462716e-11,0.0826278557008475,1.576669875583919e-11,4.414600652394448,10.002992583767721,11.561765607264691,14.932848314064595,21.492854691698906,0.5000000000000001,9.914444142081265,10.71104285116585,31.15795790510117,21.355443461241833,0.5000000000000001,8.853174476350148e-12,0.07566500150941895,1.0971119330011704e-11,0.09017734897975004,0.09658886433209016,0.1433256431522589,0.14460839959745778,0.14229766218211476,0.9737726113298155,0.9692512318062227,0.9704333314602562,0.9711523915320982,0.005431420259200921,0.0027157101296004607,0.0027157101296004607,0.0036209468394672807,2.020854537024883e-11,1.7426147162755276e-11,0.17209578836167835
S104,0.16458098526065582,8.676280297510384e-12,5.2717391889283504e-11,7.0711630127244835e-12,1.1649186713283529e-11,0.4992114014982576,0.05768602195790556,3.0410566260887204e-12,0.045018519961337246,2.3732589590773477e-12,3.4148549219689315,,47.17975383981355,21.666896544397556,23.09892496100641,0.5000000001301339,9.197972006622328,27.08126595318366,23.955343527927887,21.060950730358982,0.5000000000000001,9.419328500675677e-12,0.08902126910080929,4.799719763456287e-12,0.04392465519194455,0.13287117394418,0.14404356203064037,0.14292276401615492,0.14536757713846962,0.9941943617616562,0.9856638660610334,0.9961325756755932,0.9919969344994276,0.028514956360804835,0.0027157101296004607,0.0027157101296004607,0.011315458873335252,8.662717434933135e-12,5.664967702800987e-12,0.08198287117541514
S105,0.15916670580944836,4.931742535532739e-12,3.0984762236877206e-11,3.934048697652299e-12,3.636546057616186e-12,-0.07863475264947795,0.0582808724855333,1.805818976922008e-12,0.046424461637412005,1.4384509058102381e-12,5.682607116405059,10.323880613557947,27.643324723415905,15.023566952631525,22.041124213977337,0.5000000000000001,,26.746547879323312,20.68084416394791,21.552891811168045,1.9612525809513202,2.933321248312911e-12,0.027908924601810006,9.899077494882194e-13,0.00971575362931647,0.13798752291087832,0.1426315359125151,0.14322340892277904,0.14418946940123928,0.9889681130613059,0.9992065156705048,0.993660388061769,0.9939450055978599,0.0027157101296004607,0.006789275324001152,0.010862840518401843,0.006789275324001152,4.941100680744697e-12,3.4539568208188514e-12,0.04776135038800527
S106,0.24105058880434138,2.8327901102169834e-11,1.1751848955309269e-10,1.661830137132943e-11,4.3784184455157704e-11,0.968768086363653,0.08749752523377444,1.0282577005106786e-11,0.06511710741039849,7.65246410693653e-12,5.160030491518874,,14.7858041457688,99.99956219215207,13.371394617394346,0.5000000000000001,9.757377106737911,26.050258003340172,14.285284504519012,21.10177820207577,0.5000000000000001,7.0386356799698e-12,0.06417869222262573,1.2197080783553905e-11,0.10215729216374982,0.13491542423561698,0.1235356371385366,0.12266617534488242,0.12407153928376984,0.9874169582784308,0.9744403466489207,0.9837103418150297,0.9818558822474603,0.0027157101296004607,0.0027157101296004607,0.0027157101296004607,0.0027157101296004607,2.1286035723133444e-11,1.510851894436861e-11,0.18492146296679296
S107,0.14191744667492104,8.890968785616125e-12,6.264887787885557e-11,7.036355423887546e-12,9.983447588907615e-12,0.34983813981081013,0.04426601687636612,2.7732162854708206e-12,0.034827113179280125,2.181879560441802e-12,4.96770054366926,8.702243465167413,59.307328976918,3.294281879896255e-07,13.000000000000002,0.5000000000000001,9.736001262469753,31.251316680367573,19.529987926951264,18.47948559035321,0.5000000000000001,2.6149965244284114e-12,0.02464916613536031,3.225805205786149e-12,0.030162854675758816,0.1415725743957218,0.1323356756381168,0.1456768703111355,0.12281489681069781,0.9924934925313159,0.985037101065103,0.9954411258638167,0.9909905731534119,0.0027157101296004607,0.008147130388801382,0.006789275324001152,0.005884038614134331,7.007975575545932e-12,5.379929277677736e-12,0.06650199543292355
S108,0.28658043022491025,1.4680581180574036e-11,5.122673997332133e-11,1.087695636776882e-11,1.2568411063142036e-11,0.14454015086084837,0.05399790020992367,2.766136393159113e-12,0.07001989906923552,3.586891162577932e-12,10.306313168677065,10.847894776080304,28.560574129245815,26.755044876150613,21.580677951179425,0.5000000000000001,10.807176930979693,25.971816579717316,45.16822621744976,21.239268184843564,0.5000000000000001,9.614614693394686e-12,0.08636202328131436,8.979943415582978e-12,0.07955995769025975,0.15590773888271509,0.1480386893246835,0.16077307490264278,0.1383066436290611,0.9696644943358589,0.965961383087187,0.9861931290175076,0.9739396688135179,0.009504985453601613,0.0027157101296004607,0.0027157101296004607,0.004978801904267511,5.605446827330189e-12,9.923674666722071e-12,0.05099399055140178
S109,0.21089665229032437,3.4850771048545547e-09,1.6525047064554306e-08,2.1320331233372276e-11,1.0414429526632083e-08,6.1912864425362635,0.13246521024580107,2.188993833727944e-09,0.07483111199645129,1.2365876476342918e-09,5.868911194925403,,72.8990315583254,12.96486935550233,23.177793667687226,0.5000000000043637,,99.99999999999999,68.99217912421958,20.047260685485757,0.5000000000000001,8.248626722950927e-12,0.06652941305443241,4.050747171649676e-09,0.4258980030848932,0.12385164352880144,0.11463725533041262,0.12080356640031328,0.10947247087975444,0.9824308734680952,0.9352260029875987,0.9845362469673089,0.9673977078076677,0.0027560038938533086,0.0027560038938533086,0.02342603309775312,0.009646013628486579,4.2420938476147116e-09,2.890440625009306e-09,1.4185514375833863
