subject_id,rpl_alpha,tar,resting_alpha_power,resting_total_power,alpha_power_c3,alpha_power_c4,alpha_asymmetry,rpl_lower_beta,resting_lower_beta_power,rpl_upper_beta,resting_upper_beta_power,smr_strength,IAF_c3,alpha_peak_amp_c3,beta_peak_amp_c3,beta_center_freq_c3,aperiodic_exp_c3,IAF_c4,alpha_peak_amp_c4,beta_peak_amp_c4,beta_center_freq_c4,aperiodic_exp_c4,alpha_var_C3,alpha_cv_C3,alpha_var_C4,alpha_cv_C4,coherence_mu,coherence_beta,coherence_low_beta,coherence_upper_beta,pse_C3,pse_C4,pse_Cz,pse_avg,lzc_C3,lzc_C4,lzc_Cz,lzc_avg
S001,0.19474051586755728,0.6753796137870977,8.242792091358757e-12,4.2327052768847896e-11,6.628976330324022e-12,1.039650433155893e-11,0.45001923505274277,0.07977805432007418,3.3767699150017935e-12,0.08623806889745757,3.650203292906227e-12,7.3815817759816795,11.980391025014141,9.004879599626852,4.835727235347998,23.823086559768946,0.4497811998925283,11.936824047011255,5.762345540591636,3.1454313901644837,23.16950115007017,0.18153667376624977,6.6057081352884824e-12,0.06105212923376966,4.662381594959286e-12,0.043478944624726255,0.1413406350395524,0.11539489239431343,0.12318373335751993,0.10938871108445992,0.9771043950896002,0.9883825239731177,0.9942162310045216,0.9865677166890797,0.0027157101296004607,0.009504985453601613,0.013578550648002305,0.008599748743734793
S002,0.20289132109239177,0.6222763050911503,7.848023947267283e-12,3.868092486663579e-11,6.806026405516016e-12,4.410709932997835e-12,-0.4337727967703593,0.11255362832221956,4.353678440599025e-12,0.20643007638000632,7.984906274668912e-12,5.823057109756064,11.73805945521453,3.7405573143285302,4.484895304585246,23.015610775938743,0.3360016152894126,9.269617384352188,4.485608405039664,7.161429897422176,23.69053809831791,0.3443760792924669,2.5491016116765322e-12,0.024610272447051867,1.4338240123314492e-12,0.014019597820657804,0.1757854216168699,0.14131408769008924,0.1357444789443682,0.14469878681368992,0.9977572845651251,0.9988378014183166,0.9877552084859457,0.9947834314897959,0.0027157101296004607,0.0027157101296004607,0.021725681036803685,0.009052367098668202
S003,0.09918317577358358,1.9459520666866483,3.0219455118233063e-10,3.0468327801096385e-09,1.9908508239507326e-11,8.757055383373354e-10,3.7838827008958944,0.06117786610396889,1.8639872786273076e-10,0.04374505140481631,1.3328385658777553e-10,1.8957280857970957,,1.6517893365120375,0.6995903874624352,19.7551256691831,0.23995771059203536,,2.139722508670739,1.1245801757257066,20.615690728849362,0.19573057642600997,5.24877061220641e-12,0.045847047124176164,2.6781185140251425e-10,0.4161858215936506,0.12391925746907068,0.12228752963838121,0.12173993073577481,0.12209479060273853,0.9807485129032727,0.9524384306046526,0.9952259820114822,0.9761376418398026,0.0027157101296004607,0.005431420259200921,0.0027157101296004607,0.0036209468394672807
S004,0.09490607893119611,1.3709960768071097,2.1622277069755225e-12,2.2782815719771427e-11,2.7933096152171087e-12,2.2829656351248783e-12,-0.20175181989078794,0.07532108240892463,1.7160263403362472e-12,0.06396113247058785,1.4572146943052915e-12,2.2749325540917837,,1.3546775148330459,1.6028902346317748,23.53979812141038,0.28185905882458806,,1.3338613547649931,1.519073852441894,20.764143137116026,0.22591154269766298,8.383689949469249e-13,0.00818492440418039,7.10990598749727e-13,0.006986332846491861,0.12504696431484388,0.13314877833980843,0.11011347406242865,0.1493567794197095,0.9982965919665316,0.999229681583197,0.9998734468929452,0.999133240147558,0.0027157101296004607,0.0027157101296004607,0.006789275324001152,0.004073565194400691
S005,0.05871192341758167,3.343045031473797,4.343365534390756e-12,7.397757187239597e-11,4.3161143728308485e-12,5.418837184243713e-12,0.22752570400785999,0.059561037004582124,4.40618089580091e-12,0.04356199881914271,3.2226108985483585e-12,1.5720367738736414,,1.737644759883619,1.4261289496733989,16.901255321466078,0.21448486718378276,8.528306251650134,1.201639750582989,1.0618952901830352,19.043262876687685,0.19582377477148916,1.50989861801769e-12,0.014582669445900514,3.417712845502134e-12,0.0318143451916754,0.1681224746855573,0.12725738719745366,0.1486585690798789,0.11176765952563099,0.9969550042366059,0.9919618059322967,0.9989123443401577,0.9959430515030201,0.10591269505441797,0.0027157101296004607,0.10998626024881865,0.07287155514427902
S006,0.08435778861662575,1.9278797800932446,2.50539546431513e-12,2.969963420569504e-11,3.175071671552347e-12,3.583738822503109e-12,0.12107641346463893,0.0886143847502254,2.6318148124444155e-12,0.09119199218145517,2.7083688102778207e-12,3.222631512151864,,1.9230916249046788,1.1870090823769535,19.487630687354855,0.31407646761632546,,1.3155185116607635,4.516017057222957,26.19919152111772,0.4585030581810963,1.5646517566032758e-12,0.01517616774385527,1.5694650028177586e-12,0.015223849735075226,0.12447216918469743,0.12285955482018976,0.13865932064083586,0.11161861420786552,0.9978203913659613,0.9989541227836584,0.9998332517232739,0.9988692552909645,0.0027157101296004607,0.0027157101296004607,0.0027157101296004607,0.0027157101296004607
S007,0.37905803075370764,0.5359378702027734,1.5279008247608985e-11,4.0307834178393905e-11,1.1050587561481519e-11,1.7285370740088997e-11,0.44737692226873804,0.10761872082536542,4.337877553519696e-12,0.09057226470302211,3.650771826811015e-12,5.169653154521519,12.26749022823037,5.72984496690879,1.8178634098068,23.60454034294335,0.10546108605671993,10.662778618034809,4.6105351299616775,2.7785048571892994,18.361628097521503,0.6418896865173074,6.651768661737559e-12,0.061475364964950166,9.77470047338955e-12,0.08779573147815699,0.22138443561181964,0.15880642873753686,0.1742158278419273,0.14791622573211816,0.9863444766886462,0.9900078232078088,0.9722182311478439,0.982856843681433,0.07332417349921244,0.0027157101296004607,0.0027157101296004607,0.02625186458613779
S008,0.10676785876805112,1.612710244080938,2.5941932299384497e-12,2.4297511066267895e-11,2.8795046977654066e-12,3.0184080668322518e-12,0.04711126280178135,0.06045044446612381,1.4687953433764562e-12,0.050950230318359366,1.2379637849892347e-12,1.6257040749641263,8.283168097475318,1.044176220399074,1.7639261483173516,23.57417793504588,0.558060421124299,,1.4880596604350718,1.0318820685405403,22.807040504703377,0.3579796445835892,1.0350597597389223e-12,0.010146135071233563,9.54558361195448e-13,0.009348937546441005,0.1262922417687276,0.1233548383132593,0.12626329524211258,0.1207859193499758,0.9993603738415093,0.9986039531838747,0.9986981081005464,0.9988874783753102,0.0027157101296004607,0.0027157101296004607,0.005431420259200921,0.0036209468394672807
S009,0.07873562627694722,1.215917724406348,8.033461310038777e-12,1.0203083013249456e-10,8.368019479743305e-12,9.028817349116288e-12,0.07600415455652865,0.16728147710936814,1.7067867975258717e-11,0.17604312119464266,1.7961825794604736e-11,3.906147005182987,,0.4400763088304828,3.577518897678921,20.664485785277922,1.0049659208935795,,2.2052376636722295e-20,4.23551135641736,18.428737978759205,1.9999999999999998,5.641133375435741e-12,0.05155273698470253,3.7220217586968495e-12,0.03456471232010694,0.16603294825891313,0.14488709688684018,0.13987222644076433,0.14772301629947585,0.9948096986113243,0.9895921326112868,0.9924766009732356,0.992292810731949,0.0448092171384076,0.013578550648002305,0.008147130388801382,0.0221782993917371
S010,0.08836839045488253,1.5454798476644125,3.454994422611765e-11,3.909762761126391e-10,2.650795577448337e-11,3.510561185425684e-11,0.28091609373890236,0.03705729441532922,1.4488522973315117e-11,0.025241582351938567,9.868859871151452e-12,1.618908694509038,,1.3521125763120365,0.7254271276012094,19.934715370665238,0.29776145843813767,11.096721774729373,1.8748348123284684,0.957210920964378,18.294490080759616,0.3028599294513346,9.707594557291993e-12,0.07640327177844268,1.431765903918659e-11,0.10619563392732731,0.14019004743933886,0.13248345462395295,0.13582136432984998,0.12925514507002336,0.9720887405595592,0.9640746755325296,0.9804250556705983,0.972196157254229,0.0027157101296004607,0.1249226659616212,0.012220695583202074,0.04661969055814125
S011,0.12360089036817319,1.170652666600041,1.5529328466147954e-12,1.2564091099902549e-11,1.1046297636381074e-12,1.649087663536577e-12,0.40071198050476653,0.06763669271848437,8.497935690111529e-13,0.053075718812577485,6.668481663540351e-13,2.2313965735706205,,1.416435920654329,2.328507959774033,20.227602901275468,0.2430252180020089,,1.824074397232215,1.5536063243233902,18.639232569992263,0.20749432212938265,3.458885166314109e-13,0.0034343785997852368,6.120196183947629e-13,0.006044932274203569,0.1279994873085252,0.12689987884021964,0.14080131877866806,0.11731270920706328,0.9998258219040606,0.9995450011529579,0.9996525653321912,0.9996744627964032,0.013578550648002305,0.02579924623120438,0.0027157101296004607,0.014031169002935715
S012,0.11488642667974604,1.7310516670581106,1.0873180479238556e-12,9.464286420491002e-12,1.2528180024426892e-12,1.2898635676187723e-12,0.029141035327565845,0.08433820012792077,7.982008821993331e-13,0.08627984799294351,8.16577193721643e-13,2.4368312046567198,,0.8390578326811498,0.3248276759069862,20.87890614539409,0.2343992857612881,,2.1838221822962045,4.034623436720306,27.504020173721194,0.30834688162340584,5.539994943099344e-13,0.005465075530345773,4.0646707229946226e-13,0.004025557779964184,0.10645080535874676,0.14719931408304351,0.1410933132152834,0.1508601396888005,0.9995516927521728,0.9996688681870692,0.9998582893238716,0.9996929500877045,0.008147130388801382,0.04073565194400691,0.0027157101296004607,0.017199497487469583
S013,0.09905190024684564,2.044359851138548,7.40879249183611e-12,7.479707580947744e-11,8.416380547841593e-12,8.196741095314302e-12,-0.02644322428527701,0.10197966572337527,7.627780788136468e-12,0.10389937499501789,7.771369428059677e-12,3.871650474009897,,1.3236285362043179,3.92642918813296,21.659218853234275,0.2510483270793236,,1.4211885311118602,3.7447914132477877,21.425992607983954,0.17960072127649335,3.745383023935236e-12,0.03465649021883133,4.297459516598292e-12,0.03922870740727266,0.11930577552252326,0.13803366466178846,0.144317856025369,0.1353634444396104,0.9936265564291762,0.9907098562863739,0.9958824291675239,0.9934062806276914,0.013578550648002305,0.012220695583202074,0.013578550648002305,0.013125932293068895
S014,0.08939009620396042,1.9769283306024303,1.510703046227613e-11,1.6900116571981958e-10,9.362519904049722e-12,2.6182226991926656e-11,1.028366346716357,0.05180150917080605,8.754515435912148e-12,0.03538384241479432,5.979910615746636e-12,2.426032827806054,,2.26137400278019,1.6759935014914136,16.79566690427864,0.7088049475787326,,2.590842378324187,1.8720390461767225,19.435452779247537,0.3049606384230445,3.769458551455482e-12,0.03461401869913955,1.2529911829324936e-11,0.09723719510048154,0.14277358227754947,0.13561218342279258,0.1480666266061895,0.12787526727091367,0.9910207492595423,0.9628417506289499,0.9900492946136259,0.981303931500706,0.01240201752233989,0.0027560038938533086,0.017914025310046506,0.011024015575413234
S015,0.13215526606967995,1.1173182451374346,1.1927373840391144e-11,9.025273222258383e-11,1.2129587085446707e-11,1.626647899882291e-11,0.2934588055613645,0.09541528233062777,8.611489926128382e-12,0.07559648945269695,6.822789719541641e-12,4.381616544450409,11.222976492490872,3.5319259395793776,2.109184455238416,22.96646033926927,0.5145341314892325,10.86888038466104,4.884576903910128,1.7597744872691028,21.527931311091045,0.48201701488855103,4.362718444461197e-12,0.03977100928182135,6.423766798148997e-12,0.05455818325423691,0.14181518124718406,0.17299654911944418,0.16426483163765507,0.17953723990603668,0.9929868527227145,0.9848150293725635,0.992294759166216,0.9900322137538313,0.020367825972003456,0.0027157101296004607,0.0027157101296004607,0.008599748743734793
S016,0.20961835491219277,0.7474527864816799,6.482031638199986e-13,3.0923015500790714e-12,6.362192973321553e-13,1.0050595540451631e-12,0.4572587654600504,0.1494283958583714,4.620776601386709e-13,0.15640991264511336,4.836666153202162e-13,3.720978868912198,8.324033647214506,1.1236680990507224,2.476788648952447,23.858571016555018,0.10000000000000013,11.939273683837401,1.9953927953293742,4.965591667206112,23.443112517066275,1.2593619072282762,2.424811866141603e-13,0.0024163397571084285,3.783665810531942e-13,0.0037604950503847038,0.21445309293586806,0.12574599025427502,0.1364277321328945,0.11758872009928398,0.9999792406451989,0.9995928604327801,0.9999949025990081,0.999855667892329,0.0027157101296004607,0.0027157101296004607,0.019009970907203227,0.008147130388801382
S017,0.0942441802651163,1.2916406220786918,1.7564508495852866e-11,1.863723409386396e-10,3.2122914186269206e-11,1.282863670429277e-11,-0.917889698505796,0.10477130206055715,1.9526472828215353e-11,0.11992737685373633,2.2351145966861266e-11,1.9671037076585876,,2.716673272482619e-12,2.679517802593598,17.03570143985576,1.618145981963305,,0.6051339543468135,1.2549260996964582,23.10439742021125,1.9999999999999742,5.120011796716776e-11,0.40887489104881647,2.707013236827115e-12,0.025761234998159688,0.12962291831594336,0.1269158132203948,0.11211013146896419,0.1369986662195824,0.9907989727647338,0.9993120805554879,0.9969910188719538,0.9957006907307252,0.0027157101296004607,0.07739773869361313,0.021725681036803685,0.03394637662000576
S018,0.12272851961461277,1.276771150286113,9.45709894716937e-13,7.705706038715513e-12,7.723948928489405e-13,1.4965661964791849e-12,0.6614326220359175,0.16484883801318198,1.2702766865534118e-12,0.12944236883802634,9.974448432208203e-13,2.522582233164478,,0.7473872186404872,2.3665972871607694,18.450358681767504,1.200582526185447,,1.2945754752652876,1.6408763566205564,19.668411462786544,0.5704165472641225,4.936158330710655e-13,0.0049025659863421904,5.459642331207468e-13,0.005383524572484741,0.1264918898713716,0.13481781657207226,0.16018597129553808,0.1169810243568502,0.9998585443564759,0.9996709175062118,0.9999564659947693,0.9998286426191524,0.0027157101296004607,0.07875559375841336,0.019009970907203227,0.03349375826507235
S019,0.14554466263035326,1.1838212356492848,3.4178919582666387e-12,2.3483457905613637e-11,3.2573421657211665e-12,5.102755720642308e-12,0.4488691549182917,0.11749358179760112,2.759155582323739e-12,0.15441234150330013,3.6261357217999865e-12,7.041869969542574,12.087694953515854,5.10024812001754,6.648811942959767,24.22173603907505,0.21047049487746355,12.3647973908759,5.043455018289933,7.4350494295789415,25.030114084274867,0.1913412713670503,2.0080673762291238e-12,0.019467196009083546,2.655927406443901e-12,0.025542143396160056,0.1205508656521361,0.13288007342097513,0.12291803502606964,0.13961901462763815,0.9973445931752134,0.9966542811216403,0.9989701242111831,0.9976563328360123,0.0027157101296004607,0.019009970907203227,0.0027157101296004607,0.008147130388801384
S020,0.10433739564528297,1.5215263212073815,3.7189679047982e-12,3.5643671972047466e-11,3.3717180881063454e-12,2.877412520652032e-12,-0.15853097289191354,0.07278045455776337,2.5941626482334248e-12,0.04733911503376404,1.6873398877105063e-12,3.284723885511667,,1.852888176717804,3.66547845947524,26.69313244921973,0.9565729229293959,,0.06930836584874776,2.903999716882806,19.529649189339878,1.7257677813605952,3.5588265791783596e-12,0.03431922227308244,2.332465104412074e-12,0.02258373807028709,0.1321226180076854,0.14904805293227977,0.1541432410825271,0.14787193965114698,0.9988204388227272,0.9983607921478721,0.9973458822278305,0.9981757043994767,0.0027157101296004607,0.0027157101296004607,0.0027157101296004607,0.0027157101296004607
S021,0.1650821021053,1.6555337858405095,3.5321303788965537e-10,2.139620427563694e-09,1.051007755091539e-09,6.80229420380821e-12,-5.040244811429577,0.14742180844824376,3.154267128242443e-10,0.09032626727728787,1.9326392661206319e-10,7.186443254195325,,7.412521482996827,2.7005632542818194,17.72814435249121,0.256356504528233,8.519586949750899,4.44809356308481,4.991132764375578,17.389067081021285,0.2449261828459079,1.0861625292480899e-11,0.09265046162243831,8.487858404799459e-13,0.008387267126637975,0.12513566061062112,0.1472832459584747,0.16813727408838186,0.13379617830332705,0.9751750237136002,0.9992254400521775,0.9997733024517629,0.9913912554058468,0.010862840518401843,0.020367825972003456,0.0027157101296004607,0.011315458873335252
S022,0.09974477077706423,1.7519527162806707,1.4703464735731664e-11,1.474108830085421e-10,1.1918490856984303e-11,2.14150629124318e-11,0.5860035011727938,0.08047506208672899,1.1862899962371968e-11,0.06710533169986892,9.892056200458788e-12,4.7636552626889,,7.526606426131549,5.789214555775873,28.13871918429837,0.19589992328592282,8.628300298540196,1.8502076527090483,1.3687920622186769,17.98031025362217,0.29957082862566353,6.177832569614195e-12,0.05422453185634088,2.0398325071203253e-11,0.16352896318573265,0.1489870432933661,0.14314488134511108,0.14058115081144726,0.14424724478919737,0.987038331164813,0.9798205830965788,0.9895302645444168,0.9854630596019361,0.012220695583202074,0.013578550648002305,0.0027157101296004607,0.009504985453601613
S023,0.17671378863083345,1.0342279826797829,1.1544247247484499e-11,6.532737109496973e-11,1.006488795593297e-11,1.6238100175838868e-11,0.4783074166625596,0.13106862317846987,8.562368585286652e-12,0.09785937814794143,6.392895911393541e-12,5.247829579633404,,2.0561091172682,4.073338345744234,28.01274850855517,0.1603776068907175,,1.82382475848036,5.655079462230415,22.23926984508201,0.19854005020853838,6.427207339494837e-12,0.059368338046081486,3.724492992900799e-12,0.03470629914418011,0.13857929637200278,0.14703004473054923,0.1507194842956092,0.14349622553985203,0.9970186339804704,0.9948395863060356,0.9936663535463502,0.9951748579442854,0.005431420259200921,0.04616707220320783,0.0027157101296004607,0.018104734197336405
S024,0.16951913455902,0.6540924407869897,1.6365619223664643e-12,9.654142741017102e-12,1.7045322676826017e-12,1.664545369273296e-12,-0.023738708635697492,0.12680503187692377,1.224193878019046e-12,0.2324811288517313,2.2444060025274033e-12,4.536870054210766,12.064119166461023,2.0463541311673215,2.8996951934794084,23.205852665354072,0.8899807409111453,11.854500335772713,3.491206291648781,6.174046047410199,25.46808232476492,1.2626299278250204,7.289730474382543e-13,0.0071885421379980705,1.2630754589650028e-12,0.012334337296239782,0.12923067366166607,0.13259577863423777,0.12098700925919952,0.14089249245923574,0.9996557737527851,0.9990667287890338,0.9996723635496134,0.9994649553638109,0.0027157101296004607,0.0027157101296004607,0.0027157101296004607,0.0027157101296004607
S025,0.16480138958012186,0.6913789587159933,1.626961756234208e-11,9.872257511780412e-11,1.4009849812956105e-11,2.789614103191186e-11,0.688727724690029,0.06902376692264056,6.814204014934187e-12,0.06515217490431992,6.431990481080035e-12,7.763156354548691,11.271157962754744,11.67432148098424,5.934628295559561,21.38261552850404,0.1118390027644175,10.510327054203204,2.698995496354432,3.7554918887676827,21.41327119306488,0.28805141622267794,6.107359338552818e-12,0.05571532973481828,1.6531494915558356e-11,0.13073040844453782,0.15164969068893064,0.11977172483592231,0.11408874129160436,0.12383897330457602,0.9735519409378011,0.972829843534193,0.9919029034465723,0.9794282293061888,0.0027157101296004607,0.0027157101296004607,0.010862840518401843,0.005431420259200921
S026,0.139266047615992,0.936158963988622,1.4006109289781102e-12,1.0057088234744138e-11,2.1231744285265943e-12,2.0483209957535993e-12,-0.03589190958365762,0.19047273744763266,1.9156011268240955e-12,0.1707549031438615,1.7172971274330043e-12,7.8414348309374375,10.025518542587271,1.1033403395265573,7.047780718394501,21.77480920897752,0.22809393293375377,10.808249074679066,4.512644026240259,8.63520651098138,27.381527012957005,0.8276135664181327,7.62821111727796e-13,0.007499386703088191,1.1482774100799072e-12,0.01116090510990436,0.15027439266664552,0.17547990428122948,0.156003399297123,0.18987390074401672,0.9991970949884844,0.9972357308377564,0.9999998846582251,0.9988109034948219,0.03258852155520553,0.012220695583202074,0.0027157101296004607,0.015841642422669354
S027,0.06921346989432561,1.362346785961857,2.550012794958321e-11,3.6842724383731283e-10,2.6137747878088417e-11,3.0261341936942115e-11,0.1464905059399335,0.036079891334339274,1.3292814922260367e-11,0.03323458461963885,1.2244526411491489e-11,4.968268843719606,11.440248301746843,7.4740672095706095,4.6816754533141935,23.389622179886445,0.36971069325813993,11.46319075365054,2.4673423845166513,1.141339123117813,22.66279682713891,0.2325212987267347,3.6718598727166956e-11,0.27215221677104484,1.3899145330345556e-11,0.11343474329396157,0.16621762105686194,0.13148413679840742,0.11861972475109318,0.1401858617332762,0.9156589951366741,0.9734967181171357,0.9846829866071419,0.957946233286984,0.008147130388801382,0.0801134488232136,0.08282915895281406,0.05702991272160968
S028,0.11078704540524205,1.4581498742655592,1.975618125402853e-11,1.7832573458172337e-10,1.7735712556959012e-11,1.13869501837635e-11,-0.443112286441,0.07354131239921992,1.3114308555694893e-11,0.044923431134304505,8.011003856956314e-12,4.221216496338485,9.324428604971436,3.4265903324338085,2.3949069886826284,15.257701347471432,0.18826341512481273,8.995844637101557,2.783762799980595,1.7984446540921502,18.328341881305317,0.26854621122425354,9.618203220113526e-12,0.08447256171782663,5.788430765154871e-12,0.05260661004494728,0.13403521178450326,0.11500987294113088,0.10846876808693234,0.11892755724592034,0.979295646753413,0.9869878561812552,0.9765159015211134,0.9809331348185939,0.0312306664904053,0.04345136207360737,0.0027157101296004607,0.025799246231204376
S029,0.506654809667702,0.156563123469804,1.4251112648843482e-11,2.8127854264702057e-11,7.370569079098127e-12,1.4377526298596371e-11,0.6681713949161718,0.11508823688678907,3.2371851547331104e-12,0.12183185280016047,3.426868600361547e-12,9.577779539113564,11.694613803583996,7.933955411277976,6.206852939126754,22.8098079805228,0.18726477820211865,11.503502320445131,11.190507739193945,9.659843495561361,23.24609698139819,0.14708555355345712,2.348490793286114e-12,0.022719523176202912,7.40463842563004e-12,0.06604076803503844,0.15635009335860398,0.14602288943588804,0.18013674606410773,0.12212790507438179,0.996494671833932,0.9508891994496077,0.9868586407511732,0.9780808373449044,0.05567205765680945,0.013578550648002305,0.0027157101296004607,0.02398877281147074
S030,0.36729390475872464,0.3083852478988902,2.343844537492898e-12,6.381386968652718e-12,1.6624915453493864e-12,1.7524125665097514e-12,0.05267603992924208,0.1023132532205962,6.529004608223783e-13,0.127488362760826,8.135525767768055e-13,3.113000316623719,11.851138614499034,3.486953578948692,2.4457469453632714,23.313706556262517,1.5167971070318729,10.221280105124816,1.735145289192648,2.7412703147464312,26.289495058726196,1.1672656756817688,6.177881800885275e-13,0.00612774882274512,1.0105379961269032e-12,0.010020119828834833,0.16703868355510443,0.17417369551851877,0.1677667088909156,0.17998989429307535,0.9997845236242393,0.9998619033063817,0.9993626505853734,0.9996696925053316,0.010862840518401843,0.0027157101296004607,0.0312306664904053,0.014936405712802534
S031,0.16914920433142808,2.1802278756594466,4.454828505790048e-12,2.6336680230912188e-11,3.4343953685624695e-12,4.103276834620331e-12,0.1779449930699677,0.09221968281920737,2.428760297405611e-12,0.08907119335582524,2.3458395371981196e-12,7.902485228457834,,6.339848805699367,4.22134374479442,29.999999999999996,1.0212933455424775,8.0239391721475,8.815009555699998,3.7898351803967634,17.353879729741912,0.3752812628794123,2.184504851388707e-12,0.02104861973617036,2.1542816063399792e-12,0.020824386290469562,0.1613872768835248,0.1482860944781645,0.127456080654673,0.16302858857319186,0.9959408786806919,0.9930954668339652,0.9861737631475291,0.9917367028873955,0.052956347527208986,0.028514956360804835,0.023083536101603915,0.03485161332987258
S032,0.07081436861030643,1.7181496082761583,1.582690293770012e-11,2.2349846857769834e-10,6.026259958438115e-12,8.51117870074994e-12,0.3452538614738856,0.08820815546850894,1.9714387663275273e-11,0.08099292948946402,1.810179570651671e-11,4.569841631494199,10.854084190658318,1.80692532297515,5.502232901140353,21.676713440761073,0.23914284637472313,,1.9727200304829893,2.4495187267524345,23.10479631296292,1.624139492531555,2.2999152930542333e-12,0.021941345982463077,2.7885441201513743e-12,0.026181940444321664,0.10756912387752746,0.12004614093011887,0.1248633844270316,0.11588756214191993,0.9962052641068216,0.9978407931043752,0.9848464512366591,0.9929641694826187,0.13985907167442374,0.0896184342768152,0.0027157101296004607,0.07739773869361313
S033,0.26421891593886826,0.43097353857190485,7.98753385030236e-12,3.0230741890374035e-11,9.456611894616115e-12,1.2704102096550615e-11,0.29521077280206853,0.20566808931241856,6.21749892309012e-12,0.10784664792231062,3.2602841770814157e-12,12.793435940643015,10.127566757414682,13.589711436837616,8.636705045708009,18.917209637851343,0.14773986935302721,10.43779919578254,11.94310803593965,8.695224664169924,18.723991669849998,0.3258144987747504,2.007018680907804e-11,0.1502619193634961,9.706068709623289e-12,0.084232803786735,0.15920285607416093,0.13584527748674605,0.14417109987736626,0.12922528244660278,0.9039375523726646,0.9476243379847641,0.9879275028878967,0.9464964644151085,0.0027157101296004607,0.0027157101296004607,0.04616707220320783,0.017199497487469583
S034,0.08828127627350638,0.8053408459735051,2.1002019771830265e-11,2.378989142246131e-10,2.9431387813582146e-11,2.7954090985140108e-11,-0.05149816068445645,0.014268576426063238,3.394478839291355e-12,0.012387623255165405,2.9470021222274173e-12,7.525405142065736,8.776353906361841,5.899379393913712,2.7246848569479556,19.52931896884108,0.4380358069419271,10.17902641895403,9.087176834284177,1.8670103570653482,19.450935013053915,0.2738874728489882,1.970719646562525e-11,0.1574501147531006,1.7689378177881606e-11,0.14329129858181167,0.13829870842151043,0.14581870150114198,0.1466783430964812,0.1449253359099895,0.9131023073295235,0.9070396798625191,0.9858588482957712,0.9353336118292712,0.0027157101296004607,0.0027157101296004607,0.0027157101296004607,0.0027157101296004607
S035,0.38893738930311234,0.3604548465200916,5.3451327050520745e-12,1.37429130036311e-11,5.461114269380307e-12,9.128776425514904e-12,0.5137788211285255,0.14642028418616962,2.0122412275374717e-12,0.13710198625535866,1.884180669732421e-12,11.430394944848082,11.684823254149906,10.747911591582353,2.6436973953201877,21.29158218768908,0.22878967776059156,11.363901481627419,12.05129104352779,4.715058630299258,21.447258483483143,0.1623265472318857,3.277495119812914e-12,0.031556593959787875,7.593809016459036e-12,0.06957433298982245,0.14936249102185883,0.14493715703311488,0.1656234022286067,0.13034618953188065,0.9889077590776791,0.9682534915411759,0.9995608638635347,0.9855740381607966,0.08826057921201498,0.0027157101296004607,0.10862840518401844,0.0665348981752113
S036,0.18991246751529436,0.685034292082898,9.33195938605857e-12,4.913821355781728e-11,1.831772705769763e-11,6.155213052774625e-12,-1.0905699090228467,0.1464973572084024,7.19861842416232e-12,0.13705019297247667,6.734401650421627e-12,11.948548975675813,8.547114284874905,2.4715950680373173,7.6834693766145765,20.97155185906323,0.2376392585286092,,13.428565862741607,12.627983106020045,26.607550823739764,0.9136346904875896,8.322622479944421e-12,0.07429771614040281,1.7486370294002826e-12,0.01696406589917612,0.12800375167561867,0.12863187023097458,0.15443867581165804,0.10980819718386725,0.9900826806430073,0.9989879390133258,0.9993833099009981,0.9961513098524438,0.02579924623120438,0.016294260777602765,0.03258852155520553,0.02489400952133756
S037,0.06973674825773167,2.087714900599432,1.0540020760612515e-12,1.5114012373589486e-11,5.747140938739946e-13,1.707686570765772e-12,1.0890221618384395,0.0894683664544256,1.352225997637027e-12,0.12655270952860892,1.9127192177266715e-12,4.579091106087908,,3.2726860778509628,3.371091760993417,25.3516066422049,0.9606318323417454,,1.7409652215181146,5.788069837532159,27.09674241167404,0.9150127207075532,9.410414957468017e-13,0.009340624469579298,2.0087360821461494e-12,0.01959771027916562,0.22414218100180616,0.2071277193343803,0.20244359071451104,0.21101541397600138,0.9997163189393794,0.9984132778951494,0.9966823112937672,0.9982706360427653,0.008147130388801382,0.021725681036803685,0.0027157101296004607,0.010862840518401843
S038,0.09545750696667939,1.630391555958813,6.810352489303564e-12,7.134433640384932e-11,1.0733508562368267e-11,5.1672165379543284e-12,-0.7310363331404659,0.07127207171438095,5.084858660590068e-12,0.054902289051888306,3.916967379459293e-12,1.653575823009156,8.535146911953655,1.273244959259122,1.1079782201473376,19.287834220437247,0.3952062062429611,,2.033952021878772,0.7095876168192531,23.73921191642114,0.601989114497973,4.0712410305246255e-12,0.0369264381195711,1.9941312412902123e-12,0.01911845001148408,0.11734363598169675,0.13674205830966016,0.15248364999665145,0.12543854191109227,0.9890194365628356,0.9972343406029881,0.9970013232571711,0.994418366807665,0.013578550648002305,0.009504985453601613,0.0027157101296004607,0.008599748743734793
S039,0.0986721010796011,1.8007999307693543,2.4441284696173918e-11,2.4770208021066216e-10,2.4883214825810856e-11,3.5614662808155526e-11,0.3585639569139438,0.058628809900382585,1.4522478172600231e-11,0.05500433634157024,1.3624688532413871e-11,2.9864142115396604,,2.544962889906193,1.712816806060033,23.147886665908022,0.2566227638776798,,3.424223572560813,1.6701896391802769,26.470052977994122,0.1848592522369496,1.4444951901883765e-11,0.11224580659479932,2.3070077497148693e-11,0.16485827554799368,0.10004535412691277,0.12925104205035026,0.1229900476256959,0.13310323136357347,0.975839669185997,0.9677054611705277,0.9781611157057046,0.973902082020743,0.0027157101296004607,0.005431420259200921,0.0027157101296004607,0.0036209468394672807
S040,0.06219594252740138,2.194487589982258,1.8724098064891803e-11,3.010501538206068e-10,1.2224135036570597e-11,2.9608729749158874e-11,0.8846569626035432,0.0365712192029992,1.1009771166470038e-11,0.027006116826114486,8.130195624599043e-12,3.8028961721444574,,2.723316803581411,1.9833389209721712,16.973812452576126,0.35860524540338057,,4.839414991011167,2.2541885363844973,28.964790226289452,0.21906763706433421,5.4363071660760745e-12,0.049137304866085384,3.7320080078258415e-11,0.2890477555535864,0.13331396050498406,0.1288693921146427,0.12927790993995938,0.12817304678197042,0.9853973216160661,0.9740345266225776,0.9849821603121915,0.9814713361836117,0.0027157101296004607,0.02579924623120438,0.0027157101296004607,0.010410222163468435
S041,0.14403891310341452,1.198391906710778,1.3087253166765251e-12,9.085914968942522e-12,1.8997047672949778e-12,1.3696641777954129e-12,-0.32713290436953457,0.15510532484544726,1.4092737927759416e-12,0.10491878275350236,9.532831387432756e-13,5.42911459841919,,8.0478475641191,4.1175102298989525,29.27739650899989,0.2736778895657011,,1.7501732019620886,2.330414533512512,16.50015690223205,0.21023762402733853,1.0754917183508368e-12,0.010581210501267953,4.75464997049366e-13,0.004708766493859428,0.12871687685654454,0.13072925870598223,0.13437293972878453,0.12814570394179725,0.9992797496346704,0.9996911474324128,0.9998923324129435,0.9996210764933422,0.009504985453601613,0.016294260777602765,0.017652115842402994,0.014483787357869126
S042,0.304560605656094,0.2517848410459746,1.0359289448928501e-11,3.40138851070781e-11,6.9299681989202845e-12,1.7371298998486612e-11,0.9189641371893451,0.35684120337160863,1.2137555692953386e-11,0.07014174198626573,2.3857931531311584e-12,17.050395527848266,12.732901662877621,15.60551059275969,8.259641741287464,25.398717203350888,0.23652913916691998,12.900174894285831,18.49574934877508,8.289556758842584,25.642517873514723,0.14958745010218572,6.854124463282506e-12,0.062231649361158256,2.595875074268507e-11,0.19165055867856726,0.1393331897642119,0.12785157175044967,0.12819995846675522,0.12737985111351807,0.9209331978347775,0.7624930321033474,0.9560615668921629,0.879829265610096,0.0027157101296004607,0.0027157101296004607,0.0027157101296004607,0.0027157101296004607
S043,0.1082830858553904,1.038595173132076,2.738925876133731e-11,2.529412469636767e-10,5.329157199583063e-11,1.68531864501673e-11,-1.151238449008499,0.06101859229296733,1.543411882255135e-11,0.09469837793118098,2.395312579935044e-11,4.966239510609597,,3.632407212832826,4.774785115264851,23.12737792217069,0.32478697358979697,9.516782916117021,4.000437368350318,3.588183076537696,23.14834229819933,0.6757225952906708,2.479180572118678e-11,0.17469748606601515,8.046439993230151e-12,0.07056275111743168,0.12969591524387858,0.12726763200333438,0.11689542726693847,0.13460769438563136,0.9667091217155568,0.9874709409519961,0.9780917818854049,0.9774239481843193,0.11405982544321934,0.0027157101296004607,0.013578550648002305,0.04345136207360737
S044,0.2519358273245514,0.42594132561759346,3.6817193148752526e-11,1.4613718715489997e-10,5.016200672891618e-11,4.1148166532102026e-11,-0.19807853167180411,0.06479848551429257,9.469468404956249e-12,0.08070825480807668,1.1794477337833257e-11,5.90036667960635,11.792917628163075,7.37303349516552,4.388873741262038,23.680628936643743,0.23963500740682211,11.770956163986765,4.429032112414561,2.5700419634115472,24.070601424121744,0.18550552536490691,1.8912724588465947e-11,0.15225423311682929,1.4076782386156958e-11,0.12143223435190413,0.1325311310197712,0.13770661626512512,0.14286934930274714,0.13358576416856804,0.9549484658195737,0.9794268644997165,0.992474788495127,0.9756167062714725,0.010862840518401843,0.0027157101296004607,0.06517704311041106,0.026251864586137787
S045,0.12802374436839345,0.9669167695735613,4.603470827270516e-12,3.595794553566442e-11,6.052409272189805e-12,2.7745427957934013e-12,-0.7799704442281197,0.11094005776849818,3.989176554963122e-12,0.2262479866646909,8.135412782042685e-12,7.643595800866088,,1.07268258884445,4.104063866557924,24.823559006042945,0.24980206975021357,10.092014891683423,5.861017075983158,8.792475141231522,25.465336796627536,1.3670057561721025,2.566706283029389e-12,0.02441691224649689,1.677868513088872e-12,0.01643300304915824,0.1578892164798203,0.1377989245609879,0.13818893788875616,0.13694265946593004,0.9975990604701658,0.9971672782187593,0.9979394005163761,0.9975685797351005,0.0027157101296004607,0.0027157101296004607,0.024441391166404147,0.009957603808535023
S046,0.12177259647766676,1.7226777801094282,5.173369182642181e-12,4.2483853775680825e-11,3.0674401839447436e-12,4.0831790162516856e-12,0.2860324581938407,0.09679377513843702,4.1121725893774885e-12,0.13034123840501607,5.537398113339857e-12,3.5272927099254687,,4.27094510219244,1.543034042173768,24.760236741810683,0.6775760829778738,,1.5837333774027673,2.717265279401637,29.007591869781912,0.17598892865869908,1.4332214074152291e-12,0.013888733431096992,9.3928863033431e-13,0.009182311572590316,0.13320200598845894,0.1321000264918542,0.13301200051388687,0.13088414603079984,0.9980917404144122,0.9990950771435179,0.9924261525157904,0.9965376566912401,0.0027157101296004607,0.0027157101296004607,0.05567205765680945,0.02036782597200346
S047,0.11956325134758056,1.077932523687409,2.7397360090044974e-12,2.2914532501628377e-11,1.3450919276360653e-12,4.653502964962165e-12,1.241157903387112,0.06801767073246527,1.5585931266841326e-12,0.044229614428733355,1.013500937361702e-12,3.9647298375131115,,1.671001148929234,1.9210712872365086,22.047094733920233,0.2560287182796316,,5.190826885219894,2.551082262857954,29.320471484688504,0.28044497975594823,5.465329082175305e-13,0.005404336742190989,1.0651651276747536e-11,0.10148775486160425,0.08419464347586075,0.14315995180829166,0.12985387324025113,0.1517398015804748,0.9996256100580032,0.9955246567684753,0.9993382087433936,0.9981628251899574,0.0027157101296004607,0.0312306664904053,0.006789275324001152,0.013578550648002305
S048,0.3697790381134203,0.3435261896813057,4.28289126902135e-11,1.1582298690786476e-10,5.491856913083438e-11,2.6323438017856332e-11,-0.7353918051557571,0.08819207306954115,1.0214669324510917e-11,0.08168244732235136,9.460705026819055e-12,9.348095944368566,9.82213940897546,12.006437242692183,5.520917400443141,20.548922176878612,0.12176601133879061,9.372441840507237,6.646900530875514,1.6870442039357738,18.891949920841018,0.16242066828768417,4.255856197831425e-11,0.27146698693649773,2.3411891124980857e-11,0.1743948595150264,0.1740547227543966,0.13205083178355295,0.12363003659043471,0.13892362675472533,0.8930745848319166,0.9395333546830464,0.9282586564568283,0.9202888653239304,0.017652115842402994,0.024441391166404147,0.006789275324001152,0.01629426077760276
S049,0.05086675436645506,2.920241332738589,1.6592480583444066e-11,3.261949929792701e-10,2.9656557647445317e-11,1.0124732441558869e-11,-1.074702082419087,0.0660340543350017,2.153997789019862e-11,0.08155328794944865,2.6602274190106792e-11,4.93618959439209,,2.1676975845933346,3.9070606850544247,22.481774506182216,0.23596338955740492,8.37928098713953,1.9174223228443257,5.730459314668831,21.604181505523904,0.19570986532002654,1.3625051528069425e-11,0.10348846444561688,4.387471928594423e-12,0.039865548499692344,0.13553669279706104,0.1472991971793919,0.1666174595523647,0.13276180579983915,0.9798290672707992,0.9920240798413889,0.944163426001501,0.9720055243712297,0.008147130388801382,0.008147130388801382,0.0027157101296004607,0.006336656969067742
S050,0.12035461653845322,1.1249395512619373,1.9163616641317857e-12,1.592262697725026e-11,1.9911393253657144e-12,2.2676472525907458e-12,0.130035841185979,0.07480633386792523,1.191113349714616e-12,0.043447640384178345,6.918005708789861e-13,4.106058047228352,,2.7424890158205892,1.8385197675732456,18.954565611951345,0.37281845343117137,,3.7483134733296075,2.563084304628155,25.77140727909781,0.35967113785704674,6.316671765426084e-13,0.006228357921538693,2.205987096256455e-12,0.021757771830235174,0.12590905574554334,0.13034061879995368,0.1365318723459432,0.12532892727572562,0.9993718425882439,0.9990343222435913,0.9994380123377004,0.9992813923898453,0.0027157101296004607,0.0027157101296004607,0.006789275324001152,0.004073565194400691
S051,0.05796310064115896,1.9858828701391462,1.3163629185403456e-12,2.2710360625628966e-11,2.322444458001231e-12,7.707731557458566e-13,-1.1029814462061225,0.048971943882698425,1.1121705061141457e-12,0.05556258160075062,1.2618462654439834e-12,1.14614809871361,,1.8300910181727654,0.6022916704953497,26.405675346618047,0.673224407233024,,2.8485907529455624e-22,0.46232716912427013,22.012851291006022,0.4715672854409684,1.2805060896195889e-12,0.012436108541638005,2.2751190761937933e-12,0.02246166291394159,0.14347603282082716,0.11338345955283723,0.12603891388505084,0.10745048186049239,0.997882584762478,0.9994369489313149,0.9996773714531838,0.9989989683823256,0.013780019469266543,0.0027560038938533086,0.0027560038938533086,0.006430675752324386
S052,0.1764676422533243,0.8049788922107778,5.7673014496357954e-11,3.2681920469910684e-10,5.276199940628863e-11,2.8960283357761203e-11,-0.5998658714609704,0.056193015591692486,1.8364956665321448e-11,0.03373880547092666,1.1026489571506126e-11,9.249906286942206,11.962216602476545,8.169181244279182,2.0399475604924424,21.401949975295224,0.29390767717168936,12.434732913165492,10.16854259417417,3.3713814674790137,25.140435222908522,0.20265241274186474,3.836425469303506e-11,0.24010024031692187,1.4260949262276289e-11,0.1204917025561313,0.1274501849535664,0.13010347633827518,0.12022533506365717,0.13622727563467754,0.9254260297941331,0.9452927752971679,0.9470239572907033,0.9392475874606682,0.0027157101296004607,0.0027157101296004607,0.0027157101296004607,0.0027157101296004607
S053,0.10395329612781566,1.6478168527203039,8.655301500573142e-12,8.326144358069248e-11,8.934017788139305e-12,1.0152100972068564e-11,0.12781446240088457,0.0746127558292096,6.212365759873719e-12,0.06540306368412938,5.445553496940575e-12,1.6428364830365396,,1.6040738136470154,1.2117253070728649,23.678262389604658,0.2217469590456315,,0.8210515882197703,1.6162980197594363,22.31260818583281,0.8264401963636898,3.6947381454840355e-12,0.03379319009807562,3.53692968285925e-12,0.032664113137334604,0.14544103774974904,0.12898884134930189,0.12749067352654053,0.1294238050668892,0.9924455428551137,0.9964043765486384,0.9947552265560008,0.994535048653251,0.0027157101296004607,0.0027157101296004607,0.0027157101296004607,0.0027157101296004607
S054,0.43954288241704237,0.40556620890541256,8.984507667992532e-11,2.0440571392230958e-10,8.147724402271346e-11,1.304280111537977e-10,0.47049766907196755,0.05653599135516991,1.1556279675259027e-11,0.03588045042442046,7.3341690848577e-12,7.951204651313333,10.654148546123661,6.366250016886269,2.6453310559039322,19.41731666821582,0.17624569499887238,10.247582007352024,9.535650777938523,3.562081193527316,20.42026435785314,0.17191454868980716,1.1142003231429208e-11,0.094953445468329,1.3654376599976358e-11,0.10237074807950855,0.1454607049235357,0.13795551727669855,0.13928619533482864,0.13612523899834203,0.9687533561196462,0.9211374210859535,0.9746293620227472,0.954840046409449,0.023083536101603915,0.016294260777602765,0.05567205765680945,0.031683284845338715
S055,0.18756325881830385,0.7783694974800227,1.743190346899689e-12,9.293879610976216e-12,1.5786005000280699e-12,1.7246855746199693e-12,0.08850606324023857,0.07319853156172099,6.802983400348777e-13,0.073342682456351,6.816380610953836e-13,5.351977756890463,12.086038244952226,3.847632691463114,1.758610691449925,23.034845844839275,0.2757802026225356,11.608927852052046,6.796652133914483,3.080300305693128,23.312960913766794,0.2710560129347139,5.632350482201332e-13,0.005562068881324958,7.577828344591479e-13,0.007462098754283861,0.14926787530074342,0.13239470963163186,0.13938997346586968,0.1265671060195987,0.9994468307219966,0.9988234130304403,0.9995804172587751,0.999283553670404,0.013578550648002305,0.0027157101296004607,0.008147130388801382,0.008147130388801382
S056,0.16543389674654965,1.1401074837420404,1.1535142470232189e-11,6.972659592190117e-11,1.1793473990049062e-11,1.5527243901373846e-11,0.27504982529411137,0.07571423834638855,5.279296102713149e-12,0.06998590188283738,4.879878700814424e-12,3.2165996708776916,8.209061382536534,2.8233563295273454,0.4853695501170277,16.36441429311153,0.3001657862838578,9.88195966618833,3.61055664734514,0.8119935491043274,27.15878758805005,0.1814759827650783,3.482237770898144e-12,0.03248556888920726,9.754118606489052e-12,0.08520037631805646,0.17077288715408956,0.1289076919434174,0.1426603237426785,0.12056268389759074,0.9874697392244745,0.9762219903713725,0.989290313711024,0.984327347768957,0.0027157101296004607,0.0027157101296004607,0.0027157101296004607,0.0027157101296004607
S057,0.05479341652366172,2.1979955174915387,1.705143822289286e-11,3.1119501766292393e-10,2.0858317153211386e-11,2.2961772403704845e-11,0.09607799082084156,0.039805967397413336,1.2387418727327818e-11,0.03685051209748772,1.1467695763065484e-11,2.0716580107352627,,1.2398604568370775,1.542337795079098,22.495948915645364,0.22925838680438995,,1.8732359040822824,2.041252507426936,21.883631090304178,0.29147393069665123,1.0459644084170671e-11,0.0853418868674769,7.412780066149418e-12,0.06353200689570637,0.13985680030933292,0.12475268346456712,0.1458950984780285,0.10986944144859526,0.9800983658840553,0.9846149504548197,0.9962790299428753,0.9869974487605835,0.0027157101296004607,0.0027157101296004607,0.0027157101296004607,0.0027157101296004607
S058,0.0832252217394837,1.759564132636587,2.5440491420748098e-12,3.0568247087864017e-11,2.9169446809003703e-12,2.9304813366966774e-12,0.004629961948097616,0.06433504137225281,1.966609441074978e-12,0.05757806323979638,1.760060463954756e-12,3.4170714422654527,,2.1048144516641113e-09,1.507309343793603,20.77180274428156,1.3011777622158307,,0.5063938206167433,5.326841070157381,29.29251359597906,0.5010306000169046,1.0518216637325502e-12,0.01025369028021893,1.174768793783249e-12,0.011421386514409186,0.11665482085130517,0.11812750705720465,0.11848814271085763,0.11970162032535504,0.9993614778034695,0.9996187512057394,0.9996284471971433,0.9995362254021174,0.009504985453601613,0.0027157101296004607,0.005431420259200921,0.005884038614134331
S059,0.14378199349804713,0.6030184528568935,8.670550676382761e-12,6.030345292507386e-11,1.4714719014762845e-11,5.671626890237865e-12,-0.9533722802675122,0.06309328803151369,3.804743124696512e-12,0.0642087231189313,3.8720077119815755e-12,4.010969398067061,11.393294550969,4.957209699128311,3.3024757706712036,20.587435268602107,0.34255665558683873,11.882874239873313,1.883729582153583,1.8959653724604202,17.982276811389468,0.41949704162104084,9.708044779611189e-12,0.08941636200808249,1.680364959323911e-11,0.15741531363239078,0.11122986945147029,0.12292895896375303,0.1348459215084179,0.11564943074697238,0.9913273390844433,0.995259550367209,0.9971406109030078,0.9945758334515533,0.0027157101296004607,0.0027157101296004607,0.0027157101296004607,0.0027157101296004607
S060,0.4404249190947402,0.22326105656291917,7.283300868451348e-11,1.6536986334518984e-10,5.958564116052435e-11,8.457721010651196e-11,0.3502502213180243,0.0957338051490088,1.5831486275006615e-11,0.11748752931781066,1.9428896668050334e-11,12.634150192521716,10.827934774695436,13.568350970271538,7.699104911564749,21.915203849037905,0.220635146105229,11.243764549395436,11.706881416808622,8.922820592772661,22.67323267530967,0.2935010783565034,5.1873605213498306e-11,0.30887753536162116,5.144315167397414e-11,0.3375477809558097,0.13060482357281414,0.15126302193603383,0.14355699339508457,0.1588732692947902,0.8300482584514935,0.8727605905413266,0.985256268023899,0.8960217056722396,0.008147130388801382,0.023083536101603915,0.0027157101296004607,0.011315458873335252
S061,0.22101246748788964,0.5263529354160048,9.535913852861494e-12,4.314649739560061e-11,7.583758007164131e-12,1.2087284553032157e-11,0.4661451805672847,0.08557517857827308,3.692269219655517e-12,0.08910338776639627,3.844499088202008e-12,5.728959399697722,10.771525300847955,7.10000798060956,5.166444665472213,21.235665803798252,0.47632008852606206,10.565592164169242,4.348575378330783,1.5144021596693555,21.162282541612328,0.3869875092332497,3.446001233515476e-12,0.03245804366464363,3.8271153626810836e-12,0.03555521718138887,0.17324541235886018,0.13293103003336085,0.12917678777022645,0.13461365841370163,0.9918409630772924,0.9910320113990069,0.9935717313505094,0.9921482352756028,0.0027157101296004607,0.0027157101296004607,0.0027157101296004607,0.0027157101296004607
S062,0.25816222425998325,0.4783590802128086,2.8883449080188833e-12,1.118810049107016e-11,2.683339924825537e-12,3.447541873234909e-12,0.25059921736645663,0.06087823711830478,6.811118345987913e-13,0.06172731693573709,6.906114249211635e-13,8.073864117750361,11.320281606389374,7.346205285424904,2.252016577071191,22.469303131615288,0.2429818505101589,11.231921282145331,8.803044208916265,3.3997469254140658,22.659960620214402,0.2686609700531443,1.2433202548026271e-12,0.01214371305324881,2.233119395603888e-12,0.021521683156685432,0.14385500003086432,0.11254146231269835,0.108613124588366,0.11454865684854837,0.9967237416847549,0.9907037849957917,0.99705556406916,0.9948276969165688,0.0027157101296004607,0.013578550648002305,0.0027157101296004607,0.006336656969067742
S063,0.07683400986195367,1.5801620168233852,2.9311494752390505e-12,3.8149114962311556e-11,4.697745974957021e-12,3.3124816296664665e-12,-0.34938516834856514,0.10490438282780525,4.0020093605482846e-12,0.13186685674688356,5.03060387775553e-12,4.304309129715676,,0.11186867168807826,7.365282209846527,27.89218851409653,0.388328173261381,,0.8488909756906409,1.243339273489883,22.180930759244344,0.2575985804107177,2.9308146909277015e-12,0.02851984748947149,2.226490851387702e-12,0.021480271931226785,0.11879997224615281,0.1547377604781427,0.1498370075945551,0.15702518187937545,0.9986024384733003,0.9977181512245171,0.9999197874587832,0.9987467923855337,0.12763837609122164,0.0896184342768152,0.10319698492481752,0.10681793176428478
S064,0.09405955111585876,1.5792061802898958,2.5736625957853613e-12,2.736205483922869e-11,1.290650865353973e-12,2.6898588866971705e-12,0.7343420958421909,0.06313867716020873,1.727603946933987e-12,0.0729828917659394,1.996961886825126e-12,2.056044401176216,,1.2774615791890456,2.1969240605607974,19.895067448899265,0.3570297803404143,,1.914254264330751,1.3797782125763434,22.432889864605606,0.7440334671742587,1.136833151596046e-12,0.011135127311754619,1.1030487181542429e-12,0.010720848088560333,0.12781843247369448,0.1394086057200093,0.13361596451015065,0.142522395400365,0.9986144194752804,0.9983300023308761,0.9990594585314544,0.9986679601125369,0.0027157101296004607,0.013578550648002305,0.0027157101296004607,0.006336656969067742
S065,0.09843063993179624,1.4420420434139045,1.4486682567047642e-11,1.4717655576643245e-10,1.0816852633467647e-11,2.3783990671312915e-11,0.787907346519777,0.05474090365725493,8.056577659816887e-12,0.041220092641994825,6.066631263422063e-12,5.33252536864191,,6.94998868285388,6.648297665421575,23.835752984672837,0.7967284852600723,9.875149426613676,1.5851855863585427,0.2955723004715465,16.60242809769451,0.21984036042635105,3.971729382775147e-12,0.03611961131967694,9.976776843699665e-12,0.08211012773230136,0.163692537718298,0.1299258163228385,0.13665964097091077,0.12431506891292532,0.9886492051727451,0.9765532234847527,0.9943921974020526,0.9865315420198502,0.012220695583202074,0.008147130388801382,0.0027157101296004607,0.007694512033867972
S066,0.2346960997302783,0.7645886997461938,7.065006233355829e-12,3.010278501208671e-11,4.965979382518121e-12,2.337152541447494e-12,-0.7536772095873978,0.11025324501219931,3.3189297314871572e-12,0.05737685388596909,1.7272030971992393e-12,5.204313113513294,,6.0212773126695796,2.837657204685652,22.012608829821538,0.22415258017695,,2.3627616338490536,3.7595314981723353,25.03570372710022,0.17963603763548158,5.960523277860347e-12,0.057234947722407,1.6292468714731862e-12,0.0159664253673023,0.11921726496730851,0.1290916049098046,0.1491424297736732,0.11424230241852212,0.9933727124848314,0.9993587622462466,0.9932597718629583,0.9953304155313454,0.006789275324001152,0.0027157101296004607,0.0027157101296004607,0.004073565194400691
S067,0.09214000628086035,0.7972504981851516,6.0225860738724e-13,6.536342156863335e-12,8.312263154710085e-13,7.201974312492111e-13,-0.14337671440794608,0.12188700460453677,7.966951665704291e-13,0.24791470849883573,1.6204553604674249e-12,7.59865770147799,12.079785594754794,2.2016344072597023,7.5154925192276565,27.906858917275667,1.9999995321263553,11.876081617440933,4.855600464184811,7.681842505990527,29.07840726429527,1.3892832539032784,5.40421626013653e-13,0.0053324316583857456,4.502828377505206e-13,0.004444803075691814,0.1230882971978639,0.14778182252706615,0.15088601127524148,0.14551578383082514,0.9985336787315807,0.9989086032737787,0.9999826404721288,0.9991416408258295,0.012220695583202074,0.0027157101296004607,0.0027157101296004607,0.005884038614134331
S068,0.08138230915776404,1.7823823554716722,1.643686466381266e-11,2.019709791221198e-10,2.0578161497462527e-11,1.853892735539479e-11,-0.10435768921896837,0.06763162684299595,1.3659625893101734e-11,0.05502474712172322,1.1113402052121483e-11,1.5291831135478802,,0.38368207423136014,0.9760878001720448,16.373740905308935,0.17804058977579906,9.127437975393603,1.2826935789250107,1.9616129574314929,20.726845480449242,0.20973515984555632,4.614991536753614e-11,0.35244672349189793,8.719623063665418e-12,0.07275455244856883,0.11644864825843837,0.13281295126081857,0.1260723180816209,0.13839134058869254,0.9779070738641932,0.9802642721148971,0.9863752529790757,0.9815155329860553,0.0027157101296004607,0.014936405712802534,0.006789275324001152,0.008147130388801382
S069,0.060432307277763594,2.0570386959971017,9.038647589080867e-12,1.495664818411904e-10,7.90070429194249e-12,1.6118471081961606e-11,0.7130139801700857,0.06382657490325695,9.546316256253361e-12,0.04230994613268917,6.328149789956599e-12,3.0011610859102973,,2.5798242938472375,4.86741155823671,29.53136309605774,0.5762339370632733,,0.8960190803009129,1.1348027686389264,21.407368919700822,0.79801011371122,2.5361556684599214e-12,0.0238809829999597,8.612242759236268e-12,0.07901440583732142,0.09606186204217361,0.13431318679078807,0.12712296245726273,0.13895839106789099,0.9964600448414794,0.996968119123813,0.9986170059138139,0.9973483899597021,0.0027560038938533086,0.0027560038938533086,0.0027560038938533086,0.0027560038938533086
S070,0.1292403169351461,1.6420635106081622,4.3669126049158616e-12,3.378908926002724e-11,3.464136803857842e-12,4.507298410208439e-12,0.2632344689515058,0.09267335966664596,3.1313484218029084e-12,0.05653956833319288,1.910420521133664e-12,3.5687304601457086,,3.041651613622548,0.8924108720498009,20.902600872085856,0.1730785229178722,,4.095748213801901,1.5020908570841576,25.47712229691171,0.37371812895923695,1.0363928170190448e-12,0.010067847824280001,2.859992587251855e-12,0.027354138472303956,0.12638536005194467,0.1434474133559985,0.14421149432637542,0.14185130312622934,0.9977364432036854,0.995104720362242,0.996431689837763,0.9964242844678969,0.023083536101603915,0.0027157101296004607,0.0027157101296004607,0.009504985453601613
S071,0.1021794670002675,1.426472094896106,1.4949806415024975e-11,1.4630930121201196e-10,1.1838215600292863e-11,1.2393446448691909e-11,0.04583491203359813,0.05661253545520094,8.282940502290701e-12,0.04877978022288464,7.136935557685773e-12,3.628252180071236,12.409222388590035,2.9901956812267034,2.471382498688947,22.41027264669924,0.379013040867371,12.155909098099247,4.013808715127389,1.7242182996425603,24.414784161704773,0.27329891125796063,4.4389226120074835e-12,0.04047555185884259,8.041036219313343e-12,0.07160462477338939,0.11300191859298811,0.12447338329028951,0.14021045095649734,0.11420146872275068,0.9910665353985854,0.9828475912894811,0.979213633009758,0.9843759198992749,0.0027157101296004607,0.0448092171384076,0.016294260777602765,0.021273062681870274
S072,0.3828970032249622,0.2962357047064518,7.1016106291447525e-12,1.85470519991831e-11,7.909465252578595e-12,9.478768372174845e-12,0.18099421375788083,0.05809699226306663,1.077527936499235e-12,0.0590473124131955,1.0951535737395467e-12,12.873463355760592,10.804363676012734,12.575340652256738,4.432748252739048,21.473170265110657,0.25566396792519636,10.142914955168152,13.176116207274653,6.409958252762709,20.27924212422433,0.251336789742358,4.770453662216468e-12,0.045180296414228244,7.131723705063003e-12,0.06557130707889347,0.13619779470286603,0.1337622448518254,0.13082427529486,0.135785286168725,0.9764105380479935,0.9590769079810657,0.9939968720124218,0.9764947726804937,0.013578550648002305,0.008147130388801382,0.006789275324001152,0.009504985453601613
S073,0.08025780948926517,1.5683402961751884,2.081937490308111e-12,2.594062189781767e-11,2.9472212078537426e-12,2.7029649622485998e-12,-0.08651345831780688,0.0729529922392364,1.8924459879924586e-12,0.10232265050250516,2.65431318826803e-12,3.121157104187688,9.593450935260767,1.7838684791468327,4.186463386839466,24.941656084529164,0.2847306675856978,10.179492259870784,1.6537207334713253,2.0558603123071637,26.4803194008061,1.095268020482718,2.67277274651224e-12,0.025925368426116483,3.140399035985649e-12,0.030507218583740964,0.1769352710278161,0.153996548361218,0.1366321758928556,0.1659838472693455,0.9979982416828032,0.9991386585573718,0.9999108225099671,0.9990159075833808,0.024441391166404147,0.005431420259200921,0.0027157101296004607,0.010862840518401843
S074,0.14882375574646872,1.0796029523416157,3.5045238682901398e-12,2.3548148282592277e-11,3.3844858956152278e-12,4.073975367720212e-12,0.18541725396018194,0.22398410848437847,5.274410999534379e-12,0.09965088060298034,2.3465937129298796e-12,6.231047017487498,,4.824902117668432,5.737392379122813,18.269044379116817,0.8822035970653254,8.884505716046357,1.7574586244079327,6.517727166472623,16.660029391843082,0.20683558964308368,1.7055764842008058e-12,0.016566900956499743,1.1022305099999548e-12,0.010787557191066914,0.14798224438161206,0.144400920133677,0.1515759437446641,0.13871660870848837,0.9969838348464836,0.9966941632217349,0.9907781213503847,0.9948187064728677,0.0027157101296004607,0.010862840518401843,0.008147130388801382,0.0072418936789345615
S075,0.12966821247282445,1.4384413299412608,4.583381563603095e-11,3.5346994272506605e-10,4.276428671065304e-11,3.417041467951632e-11,-0.22434312978406368,0.07028179578567531,2.484250233097744e-11,0.051629892875565554,1.8249615277627452e-11,5.306513034228971,10.960674074018,4.473172119649728,1.9138606861651992,20.69962570397964,0.2223589340747963,11.678511926296563,6.144409800966994,2.3961639125158496,22.965855128109954,0.16448908386835975,2.3737425265091066e-11,0.16509745821977606,2.2481113043510478e-11,0.15302902109234773,0.1605309696436827,0.14418309393697784,0.11839970269888855,0.16110818897099213,0.9466617587908752,0.9507206163016612,0.9417423120539564,0.9463748957154977,0.008147130388801382,0.0027157101296004607,0.0027157101296004607,0.004526183549334101
S076,0.10400030755677438,1.4029640279995113,1.5705495811831934e-12,1.5101393621608486e-11,3.5395282293479034e-12,2.4191919620629534e-14,-4.985730051269343,0.15053262655921787,2.273252446565345e-12,0.1707873580030025,2.579127118797907e-12,3.613041327280989,,1.9678170565477602,5.560384049859517,23.836723319647913,0.1990368466698516,,0.49885817499702606,0.9636293872399168,29.5672337666094,0.5967374320788957,1.6227169938487221e-12,0.015708039510105385,2.990690256042774e-14,0.00029899078302509784,0.1445575609236917,0.10535003428105527,0.10657404474291673,0.10372330429183489,0.9984378668119829,0.9999999400221345,0.9976172527288758,0.998685019854331,0.0027157101296004607,0.0027157101296004607,0.0027157101296004607,0.0027157101296004607
S077,0.07755672470280246,1.7257080769705118,3.523143790849445e-11,4.542667066395776e-10,3.201093826679274e-11,4.478381817837558e-11,0.3357692075668979,0.03993670948515827,1.814191749184443e-11,0.03060283279360431,1.3901848066992295e-11,2.1058431411943417,,1.4286946925708368,1.475752399309906,21.63785403642497,0.25901342740355277,9.523694480284766,2.3986769104772754,1.098869887982379,26.334304501968326,0.2834617455313704,1.179649804518461e-11,0.08923303525720178,2.2084182358816468e-11,0.14837187278531774,0.11669671410300131,0.12002672536925241,0.11884319905383123,0.12311539787589972,0.9702446824868671,0.9619470194027459,0.981439226054032,0.9712103093145483,0.0027157101296004607,0.0027157101296004607,0.0027157101296004607,0.0027157101296004607
S078,0.14346956691071788,1.2214338787180408,3.9230302602922665e-12,2.7343989005930405e-11,3.4123890162189576e-12,4.28166492931272e-12,0.22692929886536106,0.07553080876527318,2.065313604486662e-12,0.056671656960240464,1.5496291648686746e-12,3.8018874911779577,,5.616827858221176,1.8667970702560672,21.03483593950255,0.8751790302137819,,1.2107872500068282,1.2347792686504389,17.885507288933976,0.22659124053010532,1.291448484394083e-12,0.01255361589153265,1.4710599141621372e-12,0.014178554614720694,0.1339984602890223,0.1375676118794585,0.11794866823995634,0.1514759699841845,0.9974908310350191,0.9963735586809188,0.9979245057660342,0.9972629651606574,0.0027157101296004607,0.017652115842402994,0.0027157101296004607,0.007694512033867972
S079,0.09849497559196063,1.344374164624676,3.7987292114675024e-11,3.856774610721933e-10,5.48460848006545e-11,4.4318459535607296e-11,-0.21312951999350105,0.05219765270129912,2.0131458167765157e-11,0.03801927561890872,1.4663177692504655e-11,2.781173758091505,,1.948297064615905,1.0096492656183615,20.65053152716808,0.2306706620017438,,3.116691965206674,3.364168977325111,21.391406586214114,0.24848959073910407,3.2110407436102713e-11,0.20935667648671938,9.589450095483917e-12,0.07911470325954306,0.1397327264275075,0.12886750758605564,0.12413871183859332,0.13431998727167777,0.9695661570500912,0.9768361484982122,0.993726748764943,0.9800430181044155,0.05567205765680945,0.010862840518401843,0.013578550648002305,0.0267044829410712
S080,0.0929901122023614,1.7391329285928938,6.299362295603134e-12,6.77422808340602e-11,6.57507929737673e-12,5.765217967083583e-12,-0.13144367673480772,0.05755596251419671,3.898972176311355e-12,0.05211112967933492,3.5301267813176353e-12,2.5741286418584153,,3.6236976474728024,2.5485557125356144,29.49060142455309,0.2678437111885517,,0.11694310859550172,1.455751917324907,24.218703451729777,0.19973498115161353,5.9469016740646164e-12,0.054956079834452345,2.441532924499163e-12,0.023136584340754173,0.11625695106660038,0.12880027003147104,0.14077957708580627,0.11981523980882561,0.9920391583867262,0.9956066838885723,0.9945870544875703,0.9940776322542897,0.021725681036803685,0.005431420259200921,0.012220695583202074,0.013125932293068894
S081,0.32543152038905204,0.451584141110978,1.3481159072167356e-11,4.142548655413184e-11,7.84969857237822e-12,2.7669489694704208e-11,1.259855218447111,0.12487580061178295,5.173040799179863e-12,0.18281933593729302,7.573379942705644e-12,8.11516139983165,11.423744433751684,4.050970582841636,8.74453897771441,22.446108384192915,0.2178435335530673,10.922542297139284,6.9329461735113735,7.483430441250621,22.40106526335003,0.23535581233612468,2.167178914129807e-12,0.02073358150413815,6.857724302031257e-12,0.06098908452206112,0.2078392829038183,0.2075695926128952,0.18126161757091136,0.22685168153546525,0.9949678510428478,0.9807701050054669,0.993271277772022,0.9896697446067789,0.009504985453601613,0.012220695583202074,0.019009970907203227,0.013578550648002305
S082,0.09537591725373742,1.4694178929410266,1.1218589613760797e-11,1.1762497218155123e-10,6.678078122637795e-12,1.550762603889243e-11,0.8425016654795989,0.05106311549130279,6.006297539167828e-12,0.03104809049909856,3.6520307812467535e-12,3.3823915177291752,,3.6832691318805417,1.886180034985671,25.155566232120993,0.35098034443696113,12.265813362345636,3.0815265500740754,1.2069074002363065,22.02030709342936,0.23857167986793215,2.020290473203384e-12,0.0192413062256868,7.526550712028266e-12,0.06599297473400818,0.14471187617691889,0.1273690626500364,0.14267306568221524,0.11814047969343013,0.9945307998596078,0.9776773935063837,0.9865863655639515,0.9862648529766477,0.0027157101296004607,0.0027157101296004607,0.0027157101296004607,0.0027157101296004607
S083,0.06593287901755075,2.137898351233025,2.5223757799667938e-11,3.825672134376779e-10,6.104193450762406e-11,7.41403646947127e-12,-2.1081860552146523,0.06488755244094813,2.482385012412472e-11,0.03990417151988221,1.5266027702900487e-11,7.689085875808821,,1.9368568356787477,4.859918773277639,20.615748911375885,0.1603749990754455,12.175656973636821,5.044591991871898,10.457398690483373,20.983187806577167,0.2657176813094177,1.3486630794060039e-11,0.1075368063142064,5.6262704095568456e-12,0.05356216435767431,0.11938926207554773,0.12161054267446961,0.14016595051323322,0.1088338682164176,0.982912554703863,0.9874972562607484,0.9929077587897944,0.9877725232514686,0.013578550648002305,0.0027157101296004607,0.0027157101296004607,0.006336656969067742
S084,0.19385599608663237,0.4373590030600572,4.649950470803855e-11,2.3986621846485663e-10,6.901047337532987e-11,4.099412000066856e-11,-0.5208296393252709,0.04093543336641168,9.819027602821286e-12,0.04228109120186006,1.0141805459157893e-11,4.961398994272933,10.885518433132505,2.9478357932669104,0.5174153257927113,22.53335313130081,0.27666043978863913,10.889616238915071,6.978896443881643,1.916563249388888,21.260162073608623,0.18789236026343475,1.191129361002751e-11,0.10387113635489675,2.758138365126602e-11,0.21746387468755238,0.14681873707464996,0.1326707134700765,0.12293627536280863,0.13859745375279625,0.9812454091049131,0.9533003185385159,0.9812994835640461,0.971948403735825,0.0027157101296004607,0.08282915895281406,0.016294260777602765,0.03394637662000576
S085,0.20125452972418043,0.8303248280639419,2.727330792452444e-11,1.355164922841863e-10,1.3256683972446182e-11,4.2934499149985183e-11,1.1751738027576586,0.07866720495002502,1.0660703672628569e-11,0.0700157084444066,9.488283213178265e-12,6.927730503191178,11.90335092195151,8.0714654466435,3.2847008498523573,24.09179896167257,0.2130634822957245,11.982602186030382,5.7897535532867215,2.053920262321774,23.605474444609737,0.20433338322037395,5.765550230944257e-12,0.05287422464534958,2.0943169507938383e-11,0.14698160891299078,0.15981269186946653,0.13398024610963016,0.1363622831685708,0.13277301112634435,0.969932523572297,0.9452085903890002,0.97426244993089,0.9631345212973956,0.024441391166404147,0.0027157101296004607,0.017652115842402994,0.014936405712802534
S086,0.10801315400573117,1.6049121979892655,1.5143301269363057e-11,1.401986768070818e-10,3.573734004078683e-11,6.4391513737006056e-12,-1.7137993245266294,0.07832596749446413,1.0981197002358373e-11,0.07647783158954821,1.0722090793929502e-11,3.223197939382878,,3.9319486639811334,2.6919934666469154,28.549975510200767,0.1437939290522266,12.536278962143896,1.1847916912478662,1.7538379909235546,22.523175473324386,0.18202623072020288,1.5158723825122683e-11,0.11088791537156348,2.3733428299930985e-12,0.022330831896424874,0.12910763617564408,0.12654634038631,0.13627256398641976,0.11949968756637193,0.9817335769364743,0.9949154772656558,0.9976550992372729,0.9914347178131343,0.038019941814406454,0.0027157101296004607,0.05159849246240876,0.03077804813547189
S087,0.11898075437355332,1.4975641660722587,1.599555923405647e-11,1.3443820656773305e-10,1.8294677382381655e-11,9.927010124846692e-12,-0.6113508265823207,0.0831742644405657,1.1181798943980027e-11,0.0996996841042301,1.3403446726342216e-11,4.699639181857357,,6.696199115302235,3.9740618475909133,29.999999692297145,0.3619333854470105,,2.491826458911625,1.0522068061493663,17.885453411327983,0.8106612484068625,1.4162986683007732e-11,0.11973462845223802,2.287021686042265e-12,0.021411058810271624,0.11752626116436524,0.13338444009129607,0.13639389364821794,0.13035135965968153,0.9814403324922487,0.9957573118201595,0.9886942895282356,0.988630644613548,0.0027157101296004607,0.0027157101296004607,0.0027157101296004607,0.0027157101296004607
S088,0.11059362505499858,1.5626277878839019,1.1923426157312456e-11,1.0781296075052152e-10,1.4672134511489924e-11,1.1513928480582166e-11,-0.24239260865988754,0.0757398231616275,8.165734581775987e-12,0.06261206589550346,6.750392202900981e-12,2.032414658321379,9.37364657491387,1.866847805448416,1.1450202504682252,21.46649654273894,0.22481282935130725,8.566580921284022,2.1370958089983225,1.3200916099877094,26.830783582085942,0.5483015379484435,7.695442262062548e-12,0.06784761993466468,6.458941843614866e-12,0.05830554408662453,0.12617959022047684,0.13602623060025434,0.1404483365559703,0.13325705108250752,0.9854187242821038,0.9911919462368733,0.9900784356406123,0.9888963687198631,0.0027157101296004607,0.017652115842402994,0.0027157101296004607,0.007694512033867972
S089,0.08277977505930655,1.2159115454713643,2.3556594116540315e-13,2.8456943860578848e-12,1.8682818438620348e-13,2.7059882791197566e-13,0.3704479898606827,0.07419349703149974,2.1113201798454116e-13,0.08341864909345163,2.37383981417768e-13,1.9244545877443358,,0.8632008246568413,2.125001137398606,21.638809073293963,0.5331490330448386,,1.6908105806306102,1.6711373786251944,21.510892805125355,0.3272430858670755,5.957502222253503e-14,0.0005949208943097903,2.435142810305267e-13,0.0024279102059729706,0.1139259635364377,0.12507969599765373,0.13166542481455615,0.11964774468664205,0.9999952506704582,0.9999709698209043,0.9999939908200617,0.999986737103808,0.013578550648002305,0.0027157101296004607,0.008147130388801382,0.008147130388801382
S090,0.07295784069803021,1.6543568925924241,1.0005015772751174e-11,1.371342089764082e-10,1.1560029242690753e-11,1.231131729884965e-11,0.06296555205265975,0.05342288412031406,7.326104955077588e-12,0.07320287720487842,1.0038618660288145e-11,1.5697908533083549,,6.921771075273718e-19,2.423577313191484,22.719832043354934,1.0554476190540834,,0.08670598380103654,0.7143740587395064,18.329995974023237,0.2515447074219047,4.430678467436371e-12,0.039583269626088706,5.7191277648619666e-12,0.05257214674155767,0.15526641233456,0.11596080431475325,0.10763272165027624,0.12394313742992127,0.9969555968279927,0.9914176584742076,0.9951311475325875,0.9945014676115959,0.008147130388801382,0.017652115842402994,0.020367825972003456,0.015389024067735943
S091,0.12173009778701217,0.9571583142643638,4.2326086721787734e-12,3.4770436803430925e-11,5.096851198245404e-12,5.92699241114771e-12,0.15089396547393719,0.11224374384291727,3.902764001870644e-12,0.20836229397437128,7.2448479748537734e-12,5.572790699471511,,0.45749526083649533,4.045658672160609,25.199516611474404,1.660494043609171,12.89939812153039,2.68991788172494,7.100685330400575,28.87713612324407,0.366370570443196,1.7202441591629993e-12,0.01665628411584169,3.5581219270748413e-12,0.03344629818130035,0.13677724321385526,0.123631662299938,0.13197149530038094,0.11746596601208184,0.9957297361680737,0.9964075775691713,0.9994901592228106,0.9972091576533519,0.02579924623120438,0.07875559375841336,0.021725681036803685,0.042093507008807145
S092,0.2161899568825422,0.6180031328361493,4.310964724474302e-11,1.9940633629047276e-10,5.191894039072061e-11,4.060930892601873e-11,-0.24568633947011875,0.05966240120643086,1.189706083886666e-11,0.05439433441402335,1.0846574940459176e-11,6.302665964480717,10.992668142057079,2.4499242681310553,1.1996463584966994,21.00893005855109,0.20370309289377647,10.799690738529257,10.15721670180603,5.320311160728988,21.255296188499987,0.2777155322324198,1.8685364307976226e-11,0.13350056433372826,2.3603741557264786e-11,0.1920554050938196,0.110304749815386,0.13757265394111298,0.14894101694763817,0.1310905841923719,0.9657359755994384,0.9221892693784893,0.9858020291238452,0.9579090913672577,0.0027157101296004607,0.028514956360804835,0.0027157101296004607,0.011315458873335252
S093,0.1303579314261687,1.0009689964593116,9.662676687870911e-12,7.412419468579553e-11,1.1654611225523006e-11,9.370163634369503e-12,-0.21817135530334753,0.048954758363296075,3.628732039717035e-12,0.03605127408952161,2.6722716592826758e-12,8.206760023063964,11.033398599432827,5.116431794182075,2.417747650268867,14.0766213987328,0.2561264696510572,10.771370354335867,8.991243052158215,4.368076313523745,21.44282224484537,0.2779347628887073,5.876480680836472e-12,0.05306601741094998,7.104042439729958e-12,0.06473035489297514,0.10623457269013102,0.1294240132025969,0.13032322709289948,0.12809723070409765,0.9755718991700857,0.9601490223640391,0.988672574139509,0.9747978318912113,0.0027157101296004607,0.020367825972003456,0.02579924623120438,0.016294260777602765
S094,0.19236725808097635,0.6766770187294228,2.230745511385814e-11,1.1596284802514517e-10,1.463720873713617e-11,3.944773091293679e-11,0.9914096972643414,0.08069316829499762,9.357409611660272e-12,0.09271837896241797,1.0751887288756692e-11,3.4966592361329987,11.01689871820319,2.0901317435083047,2.0444500331075695,21.019258091193304,0.5910800458791109,11.493666535778384,4.903271966142601,2.2842946012939542,21.834639518527034,0.22250110253170924,7.537429468760335e-12,0.06571080352169274,2.2070955640617137e-11,0.16630739824256494,0.13924164113478862,0.1266432253230565,0.13757233712706138,0.11968855500058408,0.9933930897475504,0.9598148591121388,0.9842646910533384,0.9791575466376758,0.009504985453601613,0.0027157101296004607,0.016294260777602765,0.009504985453601613
S095,0.12360700805545384,1.479812026138209,1.979308369248278e-10,1.6012913833820008e-09,1.8024300830476873e-11,2.7507138261656037e-10,2.725309743593556,0.08845858739091211,1.4164797377521127e-10,0.059150143239138635,9.471661469464381e-11,3.007084649550258,,0.9883038870771187,0.8829162659395536,20.193016182608506,0.242919723610583,9.210523138847025,5.024792865996053,2.062726824554145,29.4709085756217,0.1658593345222758,7.194233046077582e-12,0.06082110515676039,1.6334092073280614e-10,0.3548473282857252,0.1312678213529015,0.1263107679696423,0.11981739822695307,0.13127030755930094,0.9819518517095145,0.9514981011345339,0.9537584169793298,0.9624027899411262,0.0027157101296004607,0.0027157101296004607,0.052956347527208986,0.019462589262136638
S096,0.0629980829109706,2.056992889045861,4.02573875147997e-11,6.390255965676252e-10,1.4442755165389375e-11,9.930897226400002e-11,1.9280430059034899,0.03806645178313146,2.432543705992832e-11,0.026889893940018453,1.718333051666046e-11,2.834202474814326,9.799308933031213,2.7017898794449713,3.0623067418134204,21.086913377496888,0.23662666867978932,11.015430376507641,2.605213053713507,1.3686703948309211,24.41612962633871,0.43839223947037,1.3612348386392493e-11,0.12017239267322387,2.8965699831177856e-11,0.18119542176369377,0.13016043583499642,0.11951449624485788,0.12223112536391015,0.11680322715275772,0.983528091467711,0.9636259299114219,0.9897544140123945,0.9789694784638425,0.1344276514152228,0.009504985453601613,0.0027157101296004607,0.048882782332808294
S097,0.09986394161852893,1.9872529795197071,2.656838042066163e-11,2.660457817912936e-10,5.1010979428725576e-11,2.2041435503459024e-11,-0.8391167785708475,0.07513979857525481,1.9990626455593995e-11,0.05674642487159393,1.5097146968824114e-11,1.3831732845270182,,0.9347543767856921,0.7511311507975409,26.793514777940647,0.21066186151408672,11.832590220519533,1.32051849841043,1.4464621687022834,23.84107114975796,0.4192437458524687,2.3086864934070643e-11,0.15710304021259824,9.160147681747877e-12,0.07639046778979712,0.11427115340183211,0.13020283207848812,0.13047265000531144,0.13077893586439948,0.9720571374448264,0.9817252807549552,0.9944949249100614,0.9827591143699476,0.0027157101296004607,0.008147130388801382,0.0312306664904053,0.014031169002935715
S098,0.4179236835523484,0.24568533803951673,5.818671110121981e-12,1.3922807773570803e-11,8.884933012213333e-12,2.191126167087264e-12,-1.3999412789503225,0.08771094398698542,1.221182612769234e-12,0.1395145456569355,1.94243420079858e-12,10.726100681024029,10.649607135268901,12.281315819241602,4.976563820064437,21.114235530395142,0.7235785289039496,10.624844963231366,7.808814668185628,9.174671735549769,21.488315313985,0.18976937877550407,4.7032219618834844e-12,0.04345946328958595,1.5518183814321894e-12,0.015120112201513821,0.14113795091962933,0.10779591935352464,0.10781998267483238,0.10816674373148191,0.969415296593581,0.9950145942252256,0.9801942175891359,0.9815413694693143,0.016294260777602765,0.0027157101296004607,0.0027157101296004607,0.007241893678934563
S099,0.03721373830345445,3.080263796303676,7.191579447152954e-12,1.9325065889672736e-10,1.540463807402656e-11,2.724197591289707e-12,-1.7324947148732441,0.017101887267896375,3.304950982898527e-12,0.013460309703376645,2.6012137191315495e-12,2.4127317192763584,9.223711899761334,1.7782400989146656,2.9739085811126627,22.37204013815764,0.7618993658851093,8.256501300280926,1.335157226813648,1.8517165063023138,26.884394751649378,0.6877360609989716,2.5985482894124685e-12,0.024989973092319998,1.4609149989621445e-12,0.014229794076466748,0.15064259946780967,0.14784458377162443,0.14654353040756982,0.15089876353990977,0.998371221600426,0.9992499059501492,0.9972177843580705,0.9982796373028818,0.0719663184344122,0.010862840518401843,0.016294260777602765,0.03304113991013894
S100,0.3525643078384859,0.311837031954959,1.839425693122582e-11,5.217277110096028e-11,1.728824542952761e-11,1.4337896488777425e-11,-0.1871206795871032,0.08915593812460984,4.651512352066647e-12,0.12160260100598586,6.344344667566702e-12,9.12970433136234,11.173402616187037,11.22026129848479,5.509786451288192,22.551176918401644,0.23214279311686337,11.109278395088822,7.040009187349036,4.172761708318662,22.03065007224748,0.24683257242247064,1.3639010348796879e-11,0.11544355018871189,7.366313080157784e-12,0.06448735293328436,0.1635731790377793,0.1266662309542778,0.11719244055355574,0.13301936048592933,0.9312134540217367,0.9726285338322234,0.9436443702270051,0.9491621193603218,0.0027157101296004607,0.017652115842402994,0.0027157101296004607,0.007694512033867972
S101,0.067914509006028,1.7488093056768377,1.4067139426832367e-11,2.071301056683453e-10,2.513008803290767e-11,1.3269074279441597e-11,-0.6386297691426037,0.06573342503211149,1.3615371272843508e-11,0.07968528032530252,1.6505220533991627e-11,1.179394901645729,,1.405681038765861,0.20743937139108296,18.285233960372693,0.21225733627447982,,0.10519753605870054,0.9108042987727695,21.439951712433484,0.18200135793223673,1.4128164423255285e-11,0.10809314083695111,3.866000138810845e-12,0.03557076279288623,0.13020918299287149,0.14063466031529256,0.14288030794030862,0.13802411889000202,0.9710961477335137,0.9918878919755251,0.9972111713756645,0.9867317370282344,0.0027157101296004607,0.0583877677864099,0.06789275324001152,0.04299874371867396
S102,0.11314233362971206,1.1229317360620803,1.8036973360976913e-12,1.5941843147771405e-11,1.8713850941253546e-12,2.4497394507694687e-12,0.26930282354156176,0.12389374935531834,1.9750947192117896e-12,0.12400701329497898,1.9769003551721584e-12,4.84932455215877,10.134992260603262,1.4715474480507635,3.9631877557610453,24.667721989239926,0.26803978896101494,10.774111980307268,2.54982888606705,5.735508627674792,23.12971538716869,0.35478886411110416,9.299227033826853e-13,0.009132564402444247,8.223209782356248e-13,0.008077165235768558,0.10433721006329325,0.13176810404530892,0.14331767291376046,0.1256254785423697,0.9992978021782639,0.9995828723092747,0.9997307143712356,0.9995371296195913,0.010862840518401843,0.0027157101296004607,0.012220695583202074,0.008599748743734792
S103,0.08705257085606842,1.9368589334333173,1.6611003062121873e-11,1.908157668265339e-10,1.4454449781016034e-11,1.8393716456429955e-11,0.24100679888189447,0.054167909052855685,1.0336091103310605e-11,0.0826278560751611,1.5766697718214344e-11,4.008832914277903,10.0142192665624,3.9623391274556106,2.8393073313215353,21.706107299002976,0.2977966176202991,9.941128524502046,2.8251618243782444,4.055733853558451,20.470970449423582,0.2861465454219321,8.87346801387218e-12,0.07583272160806342,1.0968292155177924e-11,0.0901589033766416,0.09658150025772347,0.14333563272049368,0.1447495030154631,0.14222017862364839,0.973713195514211,0.9692757329463401,0.9704261798111438,0.9711383694238983,0.005431420259200921,0.0027157101296004607,0.0027157101296004607,0.0036209468394672807
S104,0.16458098526065573,0.9474406305878885,8.676280297510381e-12,5.2717391889283504e-11,7.071163012724483e-12,1.1649186713283518e-11,0.49921140149825405,0.05768602195790556,3.0410566260887204e-12,0.045018519961337246,2.3732589590773477e-12,2.5690430515648828,,2.15765515826792,2.380464228771467,23.244583718277006,0.29511475051595687,9.59852983141968,2.7227540556324117,1.6032564731754666,21.518778302136386,0.2612989870870154,9.419328448781065e-12,0.08902126863685551,4.7997193069286386e-12,0.043924651161736473,0.1328711706170318,0.14404355941176358,0.14292276483414584,0.14536757200598593,0.9941943619986274,0.9856638672106967,0.9961325754563412,0.991996934888555,0.028514956360804835,0.0027157101296004607,0.0027157101296004607,0.011315458873335252
S105,0.15916670580944842,3.062738613854371,4.931742535532738e-12,3.098476223687719e-11,3.934048697652291e-12,3.636546057616181e-12,-0.0786347526494815,0.0582808724855333,1.8058189769220067e-12,0.046424461637412026,1.438450905810238e-12,5.623852731115306,10.612357233568904,6.943678831651371,3.3328902284701334,22.151330158226383,0.20326466337041446,,4.30476819460842,3.5008816716868756,21.55127476092988,1.961437632627475,2.9375203492453895e-12,0.027947205983278888,9.868736884533864e-13,0.009686277133895034,0.1377574565752336,0.14263182914386136,0.1432543898980487,0.1441692617140438,0.9889453397351428,0.9992090934064656,0.9936577141733197,0.9939373824383093,0.0027157101296004607,0.006789275324001152,0.010862840518401843,0.006789275324001152
S106,0.24153869384532117,0.7502486621282587,2.839048507256807e-11,1.1754011177500628e-10,1.6605163224752405e-11,4.3780221768151364e-11,0.9694684729587024,0.08766334497970582,1.0303959367485558e-11,0.06508031648856052,7.649547674418189e-12,4.383350723574367,,4.905006165337487,2.939979986234068,18.840719294695983,0.4609964437270022,9.777931699010134,3.613754093911387,0.8017747208678979,22.65148047893762,0.19100819708827935,7.028448121352827e-12,0.064090881849909,1.2263584766574743e-11,0.10262521229660451,0.13494123023578147,0.1233574163047924,0.12242215289155135,0.123939121423148,0.9874429775201549,0.9742497717451418,0.9836938424658753,0.9817955305770574,0.0027157101296004607,0.0027157101296004607,0.0027157101296004607,0.0027157101296004607
S107,0.14191744667492118,0.8300665245162546,8.890968785616129e-12,6.264887787885553e-11,7.03635542388756e-12,9.983447588907597e-12,0.3498381398108066,0.04426601687636611,2.7732162854708186e-12,0.034827113179280125,2.1818795604418007e-12,4.365679395004541,11.598350103804298,2.8260421768461264,1.0011761730737283,17.388010260585002,0.2587683782752988,9.912355697142225,5.897619302742278,1.7916625268445228,18.57117335051224,0.2046325100924892,2.614996524428411e-12,0.024649166135360303,3.2258052057861385e-12,0.030162854675758723,0.14157257439572185,0.13233567563811663,0.14567687031113538,0.12281489681069761,0.9924934925313159,0.985037101065103,0.9954411258638168,0.9909905731534119,0.0027157101296004607,0.008147130388801382,0.006789275324001152,0.005884038614134331
S108,0.28665741115830384,0.36127472912671127,1.4686462137425353e-11,5.12334988238448e-11,1.0889596429264553e-11,1.2561058835756834e-11,0.1427935822756332,0.05399399076786521,2.766301062500109e-12,0.06998087494022084,3.5853650739414343e-12,9.659235047862886,10.853827988194706,9.817566659610197,5.566396296297729,21.694624835641676,0.20696501524124944,10.847837856236499,9.394036295548856,3.4357741985451553,22.12609403750689,0.21898818264048162,9.656908612450386e-12,0.08669724844068565,9.094211973109689e-12,0.08056066973656185,0.15863341734465414,0.14378561643728802,0.15969676177892825,0.13194257604112603,0.9692810998128937,0.9657648735124047,0.9860820017414905,0.9737093250222629,0.0027157101296004607,0.009504985453601613,0.08147130388801382,0.0312306664904053
S109,0.21089665102732022,1.4919069488560464,3.4850770728656383e-09,1.65250470118379e-08,2.132033150513413e-11,1.0414429430609032e-08,6.191286420569462,0.13246520999797057,2.1889938226494433e-09,0.07483111244918282,1.2365876511708744e-09,7.755046134188532,,1.0414389694252866,0.9462257747149854,19.60292811858486,0.2927065955951401,,13.567343595260885,6.4320685832496345,29.493569360915536,0.10000000000000003,8.171158982338105e-12,0.06599232681819887,4.048725292512643e-09,0.42549060348386974,0.12431600917143118,0.11320537617343801,0.11970223792911089,0.10781791555509769,0.982527299585394,0.9351806947100465,0.9842773103333531,0.9673284348762645,0.0027560038938533086,0.0027560038938533086,0.02342603309775312,0.009646013628486579
